<?xml version="1.0" encoding="UTF-8"?><rss version="2.0"
	xmlns:content="http://purl.org/rss/1.0/modules/content/"
	xmlns:wfw="http://wellformedweb.org/CommentAPI/"
	xmlns:dc="http://purl.org/dc/elements/1.1/"
	xmlns:atom="http://www.w3.org/2005/Atom"
	xmlns:sy="http://purl.org/rss/1.0/modules/syndication/"
	xmlns:slash="http://purl.org/rss/1.0/modules/slash/"
	>

<channel>
	<title>Mikuy Search</title>
	<atom:link href="/feed/" rel="self" type="application/rss+xml" />
	<link>/</link>
	<description>Explora nuestras tradiciones</description>
	<lastBuildDate>Fri, 12 May 2023 15:35:38 +0000</lastBuildDate>
	<language>es</language>
	<sy:updatePeriod>
	hourly	</sy:updatePeriod>
	<sy:updateFrequency>
	1	</sy:updateFrequency>
	<generator>https://wordpress.org/?v=6.2</generator>

<image>
	<url>/wp-content/uploads/2022/08/cropped-Sin-titulo-11-32x32.png</url>
	<title>Mikuy Search</title>
	<link>/</link>
	<width>32</width>
	<height>32</height>
</image> 
	<item>
		<title>Pailon del diablo</title>
		<link>/2022/08/25/pailon-del-diablo/</link>
					<comments>/2022/08/25/pailon-del-diablo/#respond</comments>
		
		<dc:creator><![CDATA[Edu]]></dc:creator>
		<pubDate>Thu, 25 Aug 2022 21:33:21 +0000</pubDate>
				<category><![CDATA[Lugares]]></category>
		<guid isPermaLink="false">/?p=572</guid>

					<description><![CDATA[Su nombre, el pailón del diablo nace por la forma que tiene las rocas que se encuentran bajo la cascada y si observas con detenimiento podrás ver la forma del rostro del diablo que se encuentra formado en las rocas, de ahí su nombre. El nombre por el cual se la conoce es Pailón del [&#8230;]]]></description>
										<content:encoded><![CDATA[<p></p><p>Su nombre, el pailón del diablo nace por la forma que tiene las rocas que se encuentran bajo la cascada y si observas con detenimiento podrás ver la forma del rostro del diablo que se encuentra formado en las rocas, de ahí su nombre. El nombre por el cual se la conoce es Pailón del Diablo Cascada, este viene siendo su nombre común, pero en realidad su nombre es Cascada de río Verde.</p><p></p><p></p><p>Hoy en día en reconocido como un ícono del turismo en Baños de Agua Santa, por su incomparable belleza.</p><p></p><p></p><p>Los turistas que conocen esta cascada se refieren a ella con gusto y recalcan el quedarse encantados con sus paisajes.</p><p></p><p></p><p>El Pailón del  Diablo se localiza en la provincia de Tungurahua específicamente en la hermosa Ciudad de Baños en la Parroquia Río Verde de ahí su nombre original de Cascada Río Verde. Tiene una distancia de 17 Km desde la vía Baños Puyo. En el lugar la temperatura oscila entre los 10 y 28 ºC. El agua cristalina de esta encantadora cascada es de 23 ºC.</p><p></p><p></p><p>Este atractivo lugar es rico en vegetación como helechos y musgos, esto se debe a la humedad que lo rodea. Es por ello por lo que la vista de este se caracteriza por estar cubierta de un verde color propio de la gran cantidad de árboles, orquídeas, y más.</p><p></p><p></p><p>Al igual que su vegetación exuberante el lugar también es poseedor una fauna destacable entre ellos: mono machín, oso de anteojos, tapir, puma, puerco espín, jaguar, guanta, oso hormiguero, etc.</p><p></p><p></p><figure class="wp-block-gallery has-nested-images columns-default is-cropped wp-block-gallery-1 is-layout-flex"><figure class="wp-block-image size-large"><img decoding="async" width="1024" height="768" data-id="573"  class="wp-image-573" src="/wp-content/uploads/2022/08/el-pailon-del-diablo.jpg" alt="" srcset="/wp-content/uploads/2022/08/el-pailon-del-diablo.jpg 1024w, /wp-content/uploads/2022/08/el-pailon-del-diablo-980x735.jpg 980w, /wp-content/uploads/2022/08/el-pailon-del-diablo-480x360.jpg 480w" sizes="(min-width: 0px) and (max-width: 480px) 480px, (min-width: 481px) and (max-width: 980px) 980px, (min-width: 981px) 1024px, 100vw" /></figure><p></p><p></p><figure class="wp-block-image size-large"><img decoding="async" width="675" height="450" data-id="575"  class="wp-image-575" src="/wp-content/uploads/2022/08/7540afa9f4b4022eb8d9ff2c653840f4_xl.jpg" alt="" srcset="/wp-content/uploads/2022/08/7540afa9f4b4022eb8d9ff2c653840f4_xl.jpg 675w, /wp-content/uploads/2022/08/7540afa9f4b4022eb8d9ff2c653840f4_xl-480x320.jpg 480w" sizes="(min-width: 0px) and (max-width: 480px) 480px, (min-width: 481px) 675px, 100vw" /></figure><p></p></figure><p></p>]]></content:encoded>
					
					<wfw:commentRss>/2022/08/25/pailon-del-diablo/feed/</wfw:commentRss>
			<slash:comments>0</slash:comments>
		
		
			</item>
		<item>
		<title>Tour 1 día Parque Nacional Cotopaxi y Quilotoa</title>
		<link>/2022/08/25/tour-1-dia-parque-nacional-cotopaxi-y-quilotoa/</link>
					<comments>/2022/08/25/tour-1-dia-parque-nacional-cotopaxi-y-quilotoa/#respond</comments>
		
		<dc:creator><![CDATA[Belen]]></dc:creator>
		<pubDate>Thu, 25 Aug 2022 21:22:56 +0000</pubDate>
				<category><![CDATA[Reseñas]]></category>
		<guid isPermaLink="false">/?p=567</guid>

					<description><![CDATA[Mi papá y yo tuvimos una increíble introducción al campo y las montañas que rodean a Quito. Nuestro guía fue muy entusiasta y extremadamente versado con información sobre el parque nacional del volcán Cotopaxi y nuestra visita a Quilotoa para ver el cráter volcánico. Ver y comprender los aspectos agrícolas y culturales fue muy informativo. [&#8230;]]]></description>
										<content:encoded><![CDATA[
<p>Mi papá y yo tuvimos una increíble introducción al campo y las montañas que rodean a Quito. Nuestro guía fue muy entusiasta y extremadamente versado con información sobre el parque nacional del volcán Cotopaxi y nuestra visita a Quilotoa para ver el cráter volcánico. Ver y comprender los aspectos agrícolas y culturales fue muy informativo. Recomendamos esta excursión&#8230; ¡aunque tenga en cuenta que el clima puede afectar lo que puede ver y es un día largo! Disfrutamos el ritmo y nunca nos sentimos apurados.</p>



<figure class="wp-block-gallery has-nested-images columns-default is-cropped wp-block-gallery-3 is-layout-flex">
<figure class="wp-block-image size-large"><img decoding="async" width="675" height="450" data-id="569"  src="/wp-content/uploads/2022/08/61c6f17e1b17a5a8f62d26de43c99eb1_xl.jpg" alt="" class="wp-image-569" srcset="/wp-content/uploads/2022/08/61c6f17e1b17a5a8f62d26de43c99eb1_xl.jpg 675w, /wp-content/uploads/2022/08/61c6f17e1b17a5a8f62d26de43c99eb1_xl-480x320.jpg 480w" sizes="(min-width: 0px) and (max-width: 480px) 480px, (min-width: 481px) 675px, 100vw" /></figure>



<figure class="wp-block-image size-large"><img decoding="async" width="1836" height="1041" data-id="570"  src="/wp-content/uploads/2022/08/1492901943.jpg" alt="" class="wp-image-570" srcset="/wp-content/uploads/2022/08/1492901943.jpg 1836w, /wp-content/uploads/2022/08/1492901943-1280x726.jpg 1280w, /wp-content/uploads/2022/08/1492901943-980x556.jpg 980w, /wp-content/uploads/2022/08/1492901943-480x272.jpg 480w" sizes="(min-width: 0px) and (max-width: 480px) 480px, (min-width: 481px) and (max-width: 980px) 980px, (min-width: 981px) and (max-width: 1280px) 1280px, (min-width: 1281px) 1836px, 100vw" /></figure>
</figure>
]]></content:encoded>
					
					<wfw:commentRss>/2022/08/25/tour-1-dia-parque-nacional-cotopaxi-y-quilotoa/feed/</wfw:commentRss>
			<slash:comments>0</slash:comments>
		
		
			</item>
		<item>
		<title>La Fornace</title>
		<link>/2022/08/25/la-fornace/</link>
					<comments>/2022/08/25/la-fornace/#respond</comments>
		
		<dc:creator><![CDATA[Edu]]></dc:creator>
		<pubDate>Thu, 25 Aug 2022 21:13:33 +0000</pubDate>
				<category><![CDATA[Reseñas]]></category>
		<guid isPermaLink="false">/?p=563</guid>

					<description><![CDATA[Este restaurante es un clásico Este restaurante es un clásico y siempre ha sido uno de mis favoritos. Esta última vez me decepcionó, los precios me parecen súper altos en comparación con la calidad. Hay ciertos platos que me encantan, pero sigue siendo muy caro. Rescató el servicio que siempre ha sido muy bueno. Esta [&#8230;]]]></description>
										<content:encoded><![CDATA[
<p>Este restaurante es un clásico</p>



<p>Este restaurante es un clásico y siempre ha sido uno de mis favoritos. Esta última vez me decepcionó, los precios me parecen súper altos en comparación con la calidad. Hay ciertos platos que me encantan, pero sigue siendo muy caro. Rescató el servicio que siempre ha sido muy bueno. Esta vez pedí una pasta Arabiatta y me la pasaron sobre cocida, pedí que me cambien por “al dente” el mesero me dijo que se iba a demorar más de 15 minutos y que no lo recomendaba, sentí que no tenía ganas de hacer el esfuerzo. Ese plato cuesta 12 dólares y me lo tuve que comer y la pasta se resbalaba en el tenedor de lo cocida que estaba.</p>


<div class="wp-block-image">
<figure class="aligncenter size-full"><img decoding="async" width="550" height="413" src="/wp-content/uploads/2022/08/photo0jpg.jpg" alt="" class="wp-image-565" srcset="/wp-content/uploads/2022/08/photo0jpg.jpg 550w, /wp-content/uploads/2022/08/photo0jpg-480x360.jpg 480w" sizes="(min-width: 0px) and (max-width: 480px) 480px, (min-width: 481px) 550px, 100vw" /></figure></div>]]></content:encoded>
					
					<wfw:commentRss>/2022/08/25/la-fornace/feed/</wfw:commentRss>
			<slash:comments>0</slash:comments>
		
		
			</item>
		<item>
		<title>Estación científica Charles Darwin</title>
		<link>/2022/08/25/estacion-cientifica-charles-darwin/</link>
					<comments>/2022/08/25/estacion-cientifica-charles-darwin/#respond</comments>
		
		<dc:creator><![CDATA[Belen]]></dc:creator>
		<pubDate>Thu, 25 Aug 2022 21:07:57 +0000</pubDate>
				<category><![CDATA[Reseñas]]></category>
		<guid isPermaLink="false">/?p=558</guid>

					<description><![CDATA[Ideal para los amantes de los animales y la naturaleza La estación mantiene un pequeño museo, con la historia de las islas y una colección de animales endémicos. Hay un mirador desde donde se ve parte de la isla y un par de playas donde podrán ver aves y con suerte alguna iguana de mar. [&#8230;]]]></description>
										<content:encoded><![CDATA[
<p>Ideal para los amantes de los animales y la naturaleza</p>



<p>La estación mantiene un pequeño museo, con la historia de las islas y una colección de animales endémicos. Hay un mirador desde donde se ve parte de la isla y un par de playas donde podrán ver aves y con suerte alguna iguana de mar. Muy educativo, es una estación científica, pero también actúa como museo, lo que está expuesta es muy interesante y muy bien explicado, además todo muy bien ambientado y prolijo. La entrada al lugar es gratuita y tienen información interesante sobre la historia y evolución de las islas. Además, está el ejemplar Solitario George embalsamado, último en su especie. Al terminar el recorrido hay dos playas muy lindas donde se puede hacer snorkel.</p>



<figure class="wp-block-gallery has-nested-images columns-default is-cropped wp-block-gallery-5 is-layout-flex">
<figure class="wp-block-image size-large"><img decoding="async" width="500" height="380" data-id="559"  src="/wp-content/uploads/2022/08/Estacion-cientifica-Charles-Darwin-6-500x380-1.jpg" alt="" class="wp-image-559" srcset="/wp-content/uploads/2022/08/Estacion-cientifica-Charles-Darwin-6-500x380-1.jpg 500w, /wp-content/uploads/2022/08/Estacion-cientifica-Charles-Darwin-6-500x380-1-480x365.jpg 480w" sizes="(min-width: 0px) and (max-width: 480px) 480px, (min-width: 481px) 500px, 100vw" /></figure>



<figure class="wp-block-image size-large"><img decoding="async" width="1280" height="720" data-id="561"  src="/wp-content/uploads/2022/08/maxresdefault-1-1.jpg" alt="" class="wp-image-561" srcset="/wp-content/uploads/2022/08/maxresdefault-1-1.jpg 1280w, /wp-content/uploads/2022/08/maxresdefault-1-1-980x551.jpg 980w, /wp-content/uploads/2022/08/maxresdefault-1-1-480x270.jpg 480w" sizes="(min-width: 0px) and (max-width: 480px) 480px, (min-width: 481px) and (max-width: 980px) 980px, (min-width: 981px) 1280px, 100vw" /></figure>
</figure>
]]></content:encoded>
					
					<wfw:commentRss>/2022/08/25/estacion-cientifica-charles-darwin/feed/</wfw:commentRss>
			<slash:comments>0</slash:comments>
		
		
			</item>
		<item>
		<title>Delicias cuencanas Ambato</title>
		<link>/2022/08/25/delicias-cuencanas-ambato/</link>
					<comments>/2022/08/25/delicias-cuencanas-ambato/#comments</comments>
		
		<dc:creator><![CDATA[Belen]]></dc:creator>
		<pubDate>Thu, 25 Aug 2022 21:02:38 +0000</pubDate>
				<category><![CDATA[Reseñas]]></category>
		<guid isPermaLink="false">/?p=553</guid>

					<description><![CDATA[Muy rica la comida, excelente servicio. Los platos son abundantes, pueden comer dos personas sin problema. Los precios aceptables para el tamaño de los platos. Muy recomendado, un pedacito de Cuenca en Ambato. La atención es amable y las porciones son grandes. El yahuarlocro está rico y abundante. El lugar es amplio y se puede [&#8230;]]]></description>
										<content:encoded><![CDATA[
<p>Muy rica la comida, excelente servicio.</p>



<p>Los platos son abundantes, pueden comer dos personas sin problema.</p>



<p>Los precios aceptables para el tamaño de los platos.</p>



<p>Muy recomendado, un pedacito de Cuenca en Ambato.</p>



<p>La atención es amable y las porciones son grandes.</p>



<p>El yahuarlocro está rico y abundante.</p>



<p>El lugar es amplio y se puede comer en exteriores.</p>



<p>Posee un juegos infantiles para los más pequeños</p>



<figure class="wp-block-gallery has-nested-images columns-default is-cropped wp-block-gallery-7 is-layout-flex">
<figure class="wp-block-image size-large"><img decoding="async" width="400" height="300" data-id="554"  src="/wp-content/uploads/2022/08/2021-01-09.jpg" alt="" class="wp-image-554" srcset="/wp-content/uploads/2022/08/2021-01-09.jpg 400w, /wp-content/uploads/2022/08/2021-01-09-300x225.jpg 300w" sizes="(max-width: 400px) 100vw, 400px" /></figure>



<figure class="wp-block-image size-large"><img decoding="async" width="768" height="768" data-id="556"  src="/wp-content/uploads/2022/08/2021-01-03.jpg" alt="" class="wp-image-556" srcset="/wp-content/uploads/2022/08/2021-01-03.jpg 768w, /wp-content/uploads/2022/08/2021-01-03-480x480.jpg 480w" sizes="(min-width: 0px) and (max-width: 480px) 480px, (min-width: 481px) 768px, 100vw" /></figure>
</figure>
]]></content:encoded>
					
					<wfw:commentRss>/2022/08/25/delicias-cuencanas-ambato/feed/</wfw:commentRss>
			<slash:comments>1</slash:comments>
		
		
			</item>
		<item>
		<title>Quimbolitos</title>
		<link>/2022/08/25/quimbolitos/</link>
					<comments>/2022/08/25/quimbolitos/#respond</comments>
		
		<dc:creator><![CDATA[Edu]]></dc:creator>
		<pubDate>Thu, 25 Aug 2022 20:54:03 +0000</pubDate>
				<category><![CDATA[Comida]]></category>
		<guid isPermaLink="false">/?p=546</guid>

					<description><![CDATA[Los quimbolitos o kimbolitos son pasteles dulces que se cocinan al vapor en hojas de achira. Se podría decir que los quimbolitos son una especie de tamal dulce, aunque en realidad son más esponjosos y tienen sabor a torta o pastel. Esta receta es con harina de maíz, pero hay quienes también los preparan con [&#8230;]]]></description>
										<content:encoded><![CDATA[
<p>Los quimbolitos o kimbolitos son pasteles dulces que se cocinan al vapor en hojas de achira. Se podría decir que los quimbolitos son una especie de tamal dulce, aunque en realidad son más esponjosos y tienen sabor a torta o pastel. Esta receta es con harina de maíz, pero hay quienes también los preparan con harina de trigo o con una mezcla de ambas. Los quimbolitos se suelen decorar con pasas, pero también se podrían preparar con frutas como fresas, moras, etc. Los quimbolitos se sirven con café o para el postre, en algunos lugares los acompañan con salsa de fruta, ya sea salsa de naranjilla o maracuyá. El toque agri-dulce de la salsa complementa perfectamente al sabor dulce del quimbolito. En caso de no encontrar hojas de achira, se podrían usar hojas de plátano (aunque no es lo más tradicional).</p>



<p><strong>Dirección:</strong></p>



<p>Barrio Obrero, en la avenida Vazcones y Joaquín Aillón.</p>



<p><strong>Contacto:</strong></p>



<p>0995718794</p>



<figure class="wp-block-gallery has-nested-images columns-default is-cropped wp-block-gallery-9 is-layout-flex">
<figure class="wp-block-image size-large"><img decoding="async" width="520" height="375" data-id="547"  src="/wp-content/uploads/2022/08/e745eb3fe0cea9e959a92b2482612069.jpg" alt="" class="wp-image-547" srcset="/wp-content/uploads/2022/08/e745eb3fe0cea9e959a92b2482612069.jpg 520w, /wp-content/uploads/2022/08/e745eb3fe0cea9e959a92b2482612069-480x346.jpg 480w" sizes="(min-width: 0px) and (max-width: 480px) 480px, (min-width: 481px) 520px, 100vw" /></figure>



<figure class="wp-block-image size-large"><img decoding="async" width="800" height="600" data-id="548"  src="/wp-content/uploads/2022/08/PC240737.jpg" alt="" class="wp-image-548" srcset="/wp-content/uploads/2022/08/PC240737.jpg 800w, /wp-content/uploads/2022/08/PC240737-480x360.jpg 480w" sizes="(min-width: 0px) and (max-width: 480px) 480px, (min-width: 481px) 800px, 100vw" /></figure>
</figure>
]]></content:encoded>
					
					<wfw:commentRss>/2022/08/25/quimbolitos/feed/</wfw:commentRss>
			<slash:comments>0</slash:comments>
		
		
			</item>
		<item>
		<title>Locro de papas</title>
		<link>/2022/08/25/locro-de-papas/</link>
					<comments>/2022/08/25/locro-de-papas/#respond</comments>
		
		<dc:creator><![CDATA[Edu]]></dc:creator>
		<pubDate>Thu, 25 Aug 2022 20:46:55 +0000</pubDate>
				<category><![CDATA[Comida]]></category>
		<guid isPermaLink="false">/?p=541</guid>

					<description><![CDATA[El locro de papa con queso es una clásica sopa ecuatoriana de papas y queso. Este delicioso locro de papas es una sopa muy cremosa y suele gustar a todos, incluso a los niños melindrosos. Es una sopa típica de la Sierra, es especialmente popular en Quito y la región Norte del Ecuador, pero se [&#8230;]]]></description>
										<content:encoded><![CDATA[
<p>El locro de papa con queso es una clásica sopa ecuatoriana de papas y queso. Este delicioso locro de papas es una sopa muy cremosa y suele gustar a todos, incluso a los niños melindrosos. Es una sopa típica de la Sierra, es especialmente popular en Quito y la región Norte del Ecuador, pero se la encuentra en todas partes del país. También se la conoce simplemente como locro de queso o locro quiteño.</p>



<p>Al igual que muchas otras recetas típicas ecuatorianas, los ingredientes y la preparación varían de una ciudad a otra. Hay diferentes variaciones del locro de papa en Ecuador, algunas variaciones incluyen col, maíz o choclo fresco, maní, cueritos, camarones, etc.</p>



<p><strong>Dirección:</strong></p>



<p>Ingreso de la parroquia Quisapincha</p>



<p><strong>Contacto:</strong></p>



<p>(+593) 09 8878 3846</p>



<figure class="wp-block-gallery has-nested-images columns-default is-cropped wp-block-gallery-11 is-layout-flex">
<figure class="wp-block-image size-large"><img decoding="async" width="800" height="599" data-id="543"  src="/wp-content/uploads/2022/08/attractive_1122.jpg" alt="" class="wp-image-543" srcset="/wp-content/uploads/2022/08/attractive_1122.jpg 800w, /wp-content/uploads/2022/08/attractive_1122-480x359.jpg 480w" sizes="(min-width: 0px) and (max-width: 480px) 480px, (min-width: 481px) 800px, 100vw" /></figure>



<figure class="wp-block-image size-large"><img decoding="async" width="640" height="427" data-id="544"  src="/wp-content/uploads/2022/08/locro-de-papa-china.jpg" alt="" class="wp-image-544" srcset="/wp-content/uploads/2022/08/locro-de-papa-china.jpg 640w, /wp-content/uploads/2022/08/locro-de-papa-china-480x320.jpg 480w" sizes="(min-width: 0px) and (max-width: 480px) 480px, (min-width: 481px) 640px, 100vw" /></figure>
</figure>
]]></content:encoded>
					
					<wfw:commentRss>/2022/08/25/locro-de-papas/feed/</wfw:commentRss>
			<slash:comments>0</slash:comments>
		
		
			</item>
		<item>
		<title>Encebollado</title>
		<link>/2022/08/25/encebollado/</link>
					<comments>/2022/08/25/encebollado/#respond</comments>
		
		<dc:creator><![CDATA[Edu]]></dc:creator>
		<pubDate>Thu, 25 Aug 2022 20:19:41 +0000</pubDate>
				<category><![CDATA[Comida]]></category>
		<guid isPermaLink="false">/?p=536</guid>

					<description><![CDATA[El encebollado cuyo significado genérico es comida aderezada con mucha cebolla y sazonada con especias, es además un plato típico ecuatoriano originario de la región costa. Es considerado el plato insignia de la gastronomía ecuatoriana. El encebollado tiene su nacimiento en las costas ecuatorianas, con el nombre de &#8220;picante de pescado&#8221;, por como lo hacían [&#8230;]]]></description>
										<content:encoded><![CDATA[
<p>El encebollado cuyo significado genérico es comida aderezada con mucha cebolla y sazonada con especias, es además un plato típico ecuatoriano originario de la región costa. Es considerado el plato insignia de la gastronomía ecuatoriana.</p>



<p>El encebollado tiene su nacimiento en las costas ecuatorianas, con el nombre de &#8220;picante de pescado&#8221;, por como lo hacían los antepasados de la Costa, con pescado salado. Esa gente que emigró lo trajo como recurso para sobrevivir en Guayaquil a los astilleros y la cocina. Este plato se prepara a base de pescado pero se lo es combinado con diferentes mariscos como el camarón o el pulpo y diferentes especias, los acompañantes más conocidos para esta preparación culinaria son: el pan, el plátano frito (chifles) y el arroz. Un lugar conocido por sus deliciosos encebollados es el Jocay De Manta, ubicado en la ciudad de Ambato.</p>



<p><strong>Dirección:</strong></p>



<p>San Antonio, av. Rumiñahui y av. Pichincha.</p>



<p><strong>Teléfono:</strong></p>



<p>(+593) 09 5848 6810</p>



<figure class="wp-block-gallery has-nested-images columns-default is-cropped wp-block-gallery-13 is-layout-flex">
<figure class="wp-block-image size-large"><img decoding="async" width="916" height="737" data-id="537"  src="/wp-content/uploads/2022/08/Screenshot-2022-08-25-151703.png" alt="" class="wp-image-537" srcset="/wp-content/uploads/2022/08/Screenshot-2022-08-25-151703.png 916w, /wp-content/uploads/2022/08/Screenshot-2022-08-25-151703-480x386.png 480w" sizes="(min-width: 0px) and (max-width: 480px) 480px, (min-width: 481px) 916px, 100vw" /></figure>



<figure class="wp-block-image size-large"><img decoding="async" width="667" height="736" data-id="538"  src="/wp-content/uploads/2022/08/Screenshot-2022-08-25-151709.png" alt="" class="wp-image-538" srcset="/wp-content/uploads/2022/08/Screenshot-2022-08-25-151709.png 667w, /wp-content/uploads/2022/08/Screenshot-2022-08-25-151709-480x530.png 480w" sizes="(min-width: 0px) and (max-width: 480px) 480px, (min-width: 481px) 667px, 100vw" /></figure>
</figure>
]]></content:encoded>
					
					<wfw:commentRss>/2022/08/25/encebollado/feed/</wfw:commentRss>
			<slash:comments>0</slash:comments>
		
		
			</item>
		<item>
		<title>Colada morada y empanadas de viento</title>
		<link>/2022/08/25/colada-morada-y-empanadas-de-viento/</link>
					<comments>/2022/08/25/colada-morada-y-empanadas-de-viento/#respond</comments>
		
		<dc:creator><![CDATA[Edu]]></dc:creator>
		<pubDate>Thu, 25 Aug 2022 19:55:28 +0000</pubDate>
				<category><![CDATA[Reseñas]]></category>
		<guid isPermaLink="false">/?p=531</guid>

					<description><![CDATA[La colada morada, una deliciosa tradición de noviembre se vende durante todo el año en Atocha, solamente cambia su acompañado. En lugar de guaguas de pan, se las sirve con empanadas de viento. Atocha es conocido como un referente de la cultura y tradición netamente ambateña. Allí́ se puede visitar la histórica Quinta de Juan [&#8230;]]]></description>
										<content:encoded><![CDATA[
<p>La colada morada, una deliciosa tradición de noviembre se vende durante todo el año en Atocha, solamente cambia su acompañado. En lugar de guaguas de pan, se las sirve con empanadas de viento. Atocha es conocido como un referente de la cultura y tradición netamente ambateña. Allí́ se puede visitar la histórica Quinta de Juan León Mera, sus hermosos y renovados parques y, por supuesto, su delicioso rincón con olor a colada morada.</p>



<p>La venta de colada morada, pan y empanadas cocinadas en horno de leña, se inició́ en este sector en 1920. A través de los años se ha venido desarrollando la actividad de generación en generación, para convertirse, hoy en día, en uno de los principales platos tradicionales del cantón Ambato.</p>



<figure class="wp-block-gallery has-nested-images columns-default is-cropped wp-block-gallery-15 is-layout-flex">
<figure class="wp-block-image size-large"><img decoding="async" width="675" height="450" data-id="532"  src="/wp-content/uploads/2022/08/3cd51760b55e8b15290777e2750369e2_xl.jpg" alt="" class="wp-image-532" srcset="/wp-content/uploads/2022/08/3cd51760b55e8b15290777e2750369e2_xl.jpg 675w, /wp-content/uploads/2022/08/3cd51760b55e8b15290777e2750369e2_xl-480x320.jpg 480w" sizes="(min-width: 0px) and (max-width: 480px) 480px, (min-width: 481px) 675px, 100vw" /></figure>



<figure class="wp-block-image size-large"><img decoding="async" width="482" height="294" data-id="533"  src="/wp-content/uploads/2022/08/Empanadas-de-viento-1.jpg" alt="" class="wp-image-533" srcset="/wp-content/uploads/2022/08/Empanadas-de-viento-1.jpg 482w, /wp-content/uploads/2022/08/Empanadas-de-viento-1-480x293.jpg 480w" sizes="(min-width: 0px) and (max-width: 480px) 480px, (min-width: 481px) 482px, 100vw" /></figure>
</figure>
]]></content:encoded>
					
					<wfw:commentRss>/2022/08/25/colada-morada-y-empanadas-de-viento/feed/</wfw:commentRss>
			<slash:comments>0</slash:comments>
		
		
			</item>
		<item>
		<title>Gallinas de Pinllo</title>
		<link>/2022/08/25/gallinas-de-pinllo/</link>
					<comments>/2022/08/25/gallinas-de-pinllo/#comments</comments>
		
		<dc:creator><![CDATA[Edu]]></dc:creator>
		<pubDate>Thu, 25 Aug 2022 19:48:02 +0000</pubDate>
				<category><![CDATA[Comida]]></category>
		<guid isPermaLink="false">/?p=527</guid>

					<description><![CDATA[Fue en 1943 que se preparó este suculento plato por primera vez. Desde ese entonces se continúa preparando a leña con ingredientes y aliños naturales, se sirve con papas y zarza de maní. En el año de 1948, los esposos Adán Villacreses y Ernestina Lagos, crean la picantería” Casa El Recreo”, en la que se [&#8230;]]]></description>
										<content:encoded><![CDATA[
<p>Fue en 1943 que se preparó este suculento plato por primera vez. Desde ese entonces se continúa preparando a leña con ingredientes y aliños naturales, se sirve con papas y zarza de maní.</p>



<p>En el año de 1948, los esposos Adán Villacreses y Ernestina Lagos, crean la picantería” Casa El Recreo”, en la que se preparaban tres platillos específicos: la gallina criolla, el cuy y el conejo, todos ellos acompañados de patatas y salsa de maní. La atención a los clientes se hacía únicamente bajo pedido, sin importar ni el día ni la hora.</p>



<p>La gallina, tal como la preparaba doña Ernestina, es una receta que aprendió́ de su madre; los cuyes y los conejos los preparaban como manda la tradición ambateña. Han pasado ya 58 años y aún se mantiene su preparación, por lo que se ha convertido en una tradición de la parroquia de San Bartolomé́ de Pinllo.</p>



<p><strong>Dirección:</strong></p>



<p>Nieto Polo del Aguila entre Cosmos y Democracia, 50 m mas abajo de Iglesia antígua, Ambato 180150.</p>



<p><strong>Contacto:</strong></p>



<p>(+593) 09 9364 1672</p>


<div class="wp-block-image">
<figure class="aligncenter size-full"><img decoding="async" width="560" height="315" src="/wp-content/uploads/2022/08/0e3e77113b112900e2f2b598451fe63f_lg.jpg" alt="" class="wp-image-528" srcset="/wp-content/uploads/2022/08/0e3e77113b112900e2f2b598451fe63f_lg.jpg 560w, /wp-content/uploads/2022/08/0e3e77113b112900e2f2b598451fe63f_lg-480x270.jpg 480w" sizes="(min-width: 0px) and (max-width: 480px) 480px, (min-width: 481px) 560px, 100vw" /></figure></div>]]></content:encoded>
					
					<wfw:commentRss>/2022/08/25/gallinas-de-pinllo/feed/</wfw:commentRss>
			<slash:comments>1</slash:comments>
		
		
			</item>
	</channel>
</rss>
