<?xml version="1.0" encoding="UTF-8"?><rss version="2.0"
	xmlns:content="http://purl.org/rss/1.0/modules/content/"
	xmlns:dc="http://purl.org/dc/elements/1.1/"
	xmlns:atom="http://www.w3.org/2005/Atom"
	xmlns:sy="http://purl.org/rss/1.0/modules/syndication/"
	
	>
<channel>
	<title>
	Comentarios en: Delicias cuencanas Ambato	</title>
	<atom:link href="/2022/08/25/delicias-cuencanas-ambato/feed/" rel="self" type="application/rss+xml" />
	<link>/2022/08/25/delicias-cuencanas-ambato/</link>
	<description>Explora nuestras tradiciones</description>
	<lastBuildDate>Fri, 12 May 2023 15:30:33 +0000</lastBuildDate>
	<sy:updatePeriod>
	hourly	</sy:updatePeriod>
	<sy:updateFrequency>
	1	</sy:updateFrequency>
	<generator>https://wordpress.org/?v=6.2</generator>
	<item>
		<title>
		Por: Roberto Lopez		</title>
		<link>/2022/08/25/delicias-cuencanas-ambato/#comment-7</link>

		<dc:creator><![CDATA[Roberto Lopez]]></dc:creator>
		<pubDate>Fri, 12 May 2023 15:30:33 +0000</pubDate>
		<guid isPermaLink="false">/?p=553#comment-7</guid>

					<description><![CDATA[Me gustaria que decriba con mas informacion]]></description>
			<content:encoded><![CDATA[<p>Me gustaria que decriba con mas informacion</p>
]]></content:encoded>
		
			</item>
	</channel>
</rss>
