<?xml version="1.0" encoding="UTF-8"?><rss version="2.0"
	xmlns:content="http://purl.org/rss/1.0/modules/content/"
	xmlns:dc="http://purl.org/dc/elements/1.1/"
	xmlns:atom="http://www.w3.org/2005/Atom"
	xmlns:sy="http://purl.org/rss/1.0/modules/syndication/"
	
	>
<channel>
	<title>
	Comentarios en: Gallinas de Pinllo	</title>
	<atom:link href="/2022/08/25/gallinas-de-pinllo/feed/" rel="self" type="application/rss+xml" />
	<link>/2022/08/25/gallinas-de-pinllo/</link>
	<description>Explora nuestras tradiciones</description>
	<lastBuildDate>Sat, 13 May 2023 19:33:27 +0000</lastBuildDate>
	<sy:updatePeriod>
	hourly	</sy:updatePeriod>
	<sy:updateFrequency>
	1	</sy:updateFrequency>
	<generator>https://wordpress.org/?v=6.2</generator>
	<item>
		<title>
		Por: Edu		</title>
		<link>/2022/08/25/gallinas-de-pinllo/#comment-8</link>

		<dc:creator><![CDATA[Edu]]></dc:creator>
		<pubDate>Sat, 13 May 2023 19:33:27 +0000</pubDate>
		<guid isPermaLink="false">/?p=527#comment-8</guid>

					<description><![CDATA[Existen mas lugares que visitar?]]></description>
			<content:encoded><![CDATA[<p>Existen mas lugares que visitar?</p>
]]></content:encoded>
		
			</item>
	</channel>
</rss>
