<?xml version="1.0" encoding="UTF-8"?><rss version="2.0"
	xmlns:content="http://purl.org/rss/1.0/modules/content/"
	xmlns:dc="http://purl.org/dc/elements/1.1/"
	xmlns:atom="http://www.w3.org/2005/Atom"
	xmlns:sy="http://purl.org/rss/1.0/modules/syndication/"
	
	>
<channel>
	<title>
	Comentarios en: Playas de Ecuador	</title>
	<atom:link href="/2022/08/17/playas-de-ecuador/feed/" rel="self" type="application/rss+xml" />
	<link>/2022/08/17/playas-de-ecuador/</link>
	<description>Explora nuestras tradiciones</description>
	<lastBuildDate>Sat, 27 Aug 2022 03:09:41 +0000</lastBuildDate>
	<sy:updatePeriod>
	hourly	</sy:updatePeriod>
	<sy:updateFrequency>
	1	</sy:updateFrequency>
	<generator>https://wordpress.org/?v=6.2</generator>
	<item>
		<title>
		Por: Edu		</title>
		<link>/2022/08/17/playas-de-ecuador/#comment-6</link>

		<dc:creator><![CDATA[Edu]]></dc:creator>
		<pubDate>Tue, 23 Aug 2022 21:34:39 +0000</pubDate>
		<guid isPermaLink="false">/?p=31#comment-6</guid>

					<description><![CDATA[En respuesta a &lt;a href=&quot;/2022/08/17/playas-de-ecuador/#comment-4&quot;&gt;Belen&lt;/a&gt;.

Concuerdo 👌]]></description>
			<content:encoded><![CDATA[<p>En respuesta a <a href="/2022/08/17/playas-de-ecuador/#comment-4">Belen</a>.</p>
<p>Concuerdo 👌</p>
]]></content:encoded>
		
			</item>
		<item>
		<title>
		Por: Belen		</title>
		<link>/2022/08/17/playas-de-ecuador/#comment-4</link>

		<dc:creator><![CDATA[Belen]]></dc:creator>
		<pubDate>Tue, 23 Aug 2022 02:00:55 +0000</pubDate>
		<guid isPermaLink="false">/?p=31#comment-4</guid>

					<description><![CDATA[Buena info :)]]></description>
			<content:encoded><![CDATA[<p>Buena info 🙂</p>
]]></content:encoded>
		
			</item>
	</channel>
</rss>
