<?xml version="1.0" encoding="UTF-8"?><rss version="2.0"
	xmlns:content="http://purl.org/rss/1.0/modules/content/"
	xmlns:dc="http://purl.org/dc/elements/1.1/"
	xmlns:atom="http://www.w3.org/2005/Atom"
	xmlns:sy="http://purl.org/rss/1.0/modules/syndication/"
	
	>
<channel>
	<title>
	Comentarios en: Parque Provincial de la Familia en Ambato	</title>
	<atom:link href="/2022/08/17/parque-provincial-de-la-familia-en-ambato/feed/" rel="self" type="application/rss+xml" />
	<link>/2022/08/17/parque-provincial-de-la-familia-en-ambato/</link>
	<description>Explora nuestras tradiciones</description>
	<lastBuildDate>Sat, 03 Jun 2023 14:41:02 +0000</lastBuildDate>
	<sy:updatePeriod>
	hourly	</sy:updatePeriod>
	<sy:updateFrequency>
	1	</sy:updateFrequency>
	<generator>https://wordpress.org/?v=6.2</generator>
	<item>
		<title>
		Por: Edu		</title>
		<link>/2022/08/17/parque-provincial-de-la-familia-en-ambato/#comment-9</link>

		<dc:creator><![CDATA[Edu]]></dc:creator>
		<pubDate>Sat, 03 Jun 2023 14:41:02 +0000</pubDate>
		<guid isPermaLink="false">/?p=46#comment-9</guid>

					<description><![CDATA[En respuesta a &lt;a href=&quot;/2022/08/17/parque-provincial-de-la-familia-en-ambato/#comment-3&quot;&gt;Melany&lt;/a&gt;.

🤩]]></description>
			<content:encoded><![CDATA[<p>En respuesta a <a href="/2022/08/17/parque-provincial-de-la-familia-en-ambato/#comment-3">Melany</a>.</p>
<p>🤩</p>
]]></content:encoded>
		
			</item>
		<item>
		<title>
		Por: Melany		</title>
		<link>/2022/08/17/parque-provincial-de-la-familia-en-ambato/#comment-3</link>

		<dc:creator><![CDATA[Melany]]></dc:creator>
		<pubDate>Tue, 23 Aug 2022 01:59:36 +0000</pubDate>
		<guid isPermaLink="false">/?p=46#comment-3</guid>

					<description><![CDATA[#]]></description>
			<content:encoded><![CDATA[<p>#</p>
]]></content:encoded>
		
			</item>
	</channel>
</rss>
