<?xml version="1.0" encoding="UTF-8"?><rss version="2.0"
	xmlns:content="http://purl.org/rss/1.0/modules/content/"
	xmlns:wfw="http://wellformedweb.org/CommentAPI/"
	xmlns:dc="http://purl.org/dc/elements/1.1/"
	xmlns:atom="http://www.w3.org/2005/Atom"
	xmlns:sy="http://purl.org/rss/1.0/modules/syndication/"
	xmlns:slash="http://purl.org/rss/1.0/modules/slash/"
	>

<channel>
	<title>Reseñas | Mikuy Search</title>
	<atom:link href="/category/resenas/feed/" rel="self" type="application/rss+xml" />
	<link>/</link>
	<description>Explora nuestras tradiciones</description>
	<lastBuildDate>Sat, 27 Aug 2022 03:13:54 +0000</lastBuildDate>
	<language>es</language>
	<sy:updatePeriod>
	hourly	</sy:updatePeriod>
	<sy:updateFrequency>
	1	</sy:updateFrequency>
	<generator>https://wordpress.org/?v=6.2</generator>

<image>
	<url>/wp-content/uploads/2022/08/cropped-Sin-titulo-11-32x32.png</url>
	<title>Reseñas | Mikuy Search</title>
	<link>/</link>
	<width>32</width>
	<height>32</height>
</image> 
	<item>
		<title>Tour 1 día Parque Nacional Cotopaxi y Quilotoa</title>
		<link>/2022/08/25/tour-1-dia-parque-nacional-cotopaxi-y-quilotoa/</link>
					<comments>/2022/08/25/tour-1-dia-parque-nacional-cotopaxi-y-quilotoa/#respond</comments>
		
		<dc:creator><![CDATA[Belen]]></dc:creator>
		<pubDate>Thu, 25 Aug 2022 21:22:56 +0000</pubDate>
				<category><![CDATA[Reseñas]]></category>
		<guid isPermaLink="false">/?p=567</guid>

					<description><![CDATA[Mi papá y yo tuvimos una increíble introducción al campo y las montañas que rodean a Quito. Nuestro guía fue muy entusiasta y extremadamente versado con información sobre el parque nacional del volcán Cotopaxi y nuestra visita a Quilotoa para ver el cráter volcánico. Ver y comprender los aspectos agrícolas y culturales fue muy informativo. [&#8230;]]]></description>
										<content:encoded><![CDATA[
<p>Mi papá y yo tuvimos una increíble introducción al campo y las montañas que rodean a Quito. Nuestro guía fue muy entusiasta y extremadamente versado con información sobre el parque nacional del volcán Cotopaxi y nuestra visita a Quilotoa para ver el cráter volcánico. Ver y comprender los aspectos agrícolas y culturales fue muy informativo. Recomendamos esta excursión&#8230; ¡aunque tenga en cuenta que el clima puede afectar lo que puede ver y es un día largo! Disfrutamos el ritmo y nunca nos sentimos apurados.</p>



<figure class="wp-block-gallery has-nested-images columns-default is-cropped wp-block-gallery-1 is-layout-flex">
<figure class="wp-block-image size-large"><img decoding="async" width="675" height="450" data-id="569"  src="/wp-content/uploads/2022/08/61c6f17e1b17a5a8f62d26de43c99eb1_xl.jpg" alt="" class="wp-image-569" srcset="/wp-content/uploads/2022/08/61c6f17e1b17a5a8f62d26de43c99eb1_xl.jpg 675w, /wp-content/uploads/2022/08/61c6f17e1b17a5a8f62d26de43c99eb1_xl-480x320.jpg 480w" sizes="(min-width: 0px) and (max-width: 480px) 480px, (min-width: 481px) 675px, 100vw" /></figure>



<figure class="wp-block-image size-large"><img decoding="async" width="1836" height="1041" data-id="570"  src="/wp-content/uploads/2022/08/1492901943.jpg" alt="" class="wp-image-570" srcset="/wp-content/uploads/2022/08/1492901943.jpg 1836w, /wp-content/uploads/2022/08/1492901943-1280x726.jpg 1280w, /wp-content/uploads/2022/08/1492901943-980x556.jpg 980w, /wp-content/uploads/2022/08/1492901943-480x272.jpg 480w" sizes="(min-width: 0px) and (max-width: 480px) 480px, (min-width: 481px) and (max-width: 980px) 980px, (min-width: 981px) and (max-width: 1280px) 1280px, (min-width: 1281px) 1836px, 100vw" /></figure>
</figure>
]]></content:encoded>
					
					<wfw:commentRss>/2022/08/25/tour-1-dia-parque-nacional-cotopaxi-y-quilotoa/feed/</wfw:commentRss>
			<slash:comments>0</slash:comments>
		
		
			</item>
		<item>
		<title>La Fornace</title>
		<link>/2022/08/25/la-fornace/</link>
					<comments>/2022/08/25/la-fornace/#respond</comments>
		
		<dc:creator><![CDATA[Edu]]></dc:creator>
		<pubDate>Thu, 25 Aug 2022 21:13:33 +0000</pubDate>
				<category><![CDATA[Reseñas]]></category>
		<guid isPermaLink="false">/?p=563</guid>

					<description><![CDATA[Este restaurante es un clásico Este restaurante es un clásico y siempre ha sido uno de mis favoritos. Esta última vez me decepcionó, los precios me parecen súper altos en comparación con la calidad. Hay ciertos platos que me encantan, pero sigue siendo muy caro. Rescató el servicio que siempre ha sido muy bueno. Esta [&#8230;]]]></description>
										<content:encoded><![CDATA[
<p>Este restaurante es un clásico</p>



<p>Este restaurante es un clásico y siempre ha sido uno de mis favoritos. Esta última vez me decepcionó, los precios me parecen súper altos en comparación con la calidad. Hay ciertos platos que me encantan, pero sigue siendo muy caro. Rescató el servicio que siempre ha sido muy bueno. Esta vez pedí una pasta Arabiatta y me la pasaron sobre cocida, pedí que me cambien por “al dente” el mesero me dijo que se iba a demorar más de 15 minutos y que no lo recomendaba, sentí que no tenía ganas de hacer el esfuerzo. Ese plato cuesta 12 dólares y me lo tuve que comer y la pasta se resbalaba en el tenedor de lo cocida que estaba.</p>


<div class="wp-block-image">
<figure class="aligncenter size-full"><img decoding="async" width="550" height="413" src="/wp-content/uploads/2022/08/photo0jpg.jpg" alt="" class="wp-image-565" srcset="/wp-content/uploads/2022/08/photo0jpg.jpg 550w, /wp-content/uploads/2022/08/photo0jpg-480x360.jpg 480w" sizes="(min-width: 0px) and (max-width: 480px) 480px, (min-width: 481px) 550px, 100vw" /></figure></div>]]></content:encoded>
					
					<wfw:commentRss>/2022/08/25/la-fornace/feed/</wfw:commentRss>
			<slash:comments>0</slash:comments>
		
		
			</item>
		<item>
		<title>Estación científica Charles Darwin</title>
		<link>/2022/08/25/estacion-cientifica-charles-darwin/</link>
					<comments>/2022/08/25/estacion-cientifica-charles-darwin/#respond</comments>
		
		<dc:creator><![CDATA[Belen]]></dc:creator>
		<pubDate>Thu, 25 Aug 2022 21:07:57 +0000</pubDate>
				<category><![CDATA[Reseñas]]></category>
		<guid isPermaLink="false">/?p=558</guid>

					<description><![CDATA[Ideal para los amantes de los animales y la naturaleza La estación mantiene un pequeño museo, con la historia de las islas y una colección de animales endémicos. Hay un mirador desde donde se ve parte de la isla y un par de playas donde podrán ver aves y con suerte alguna iguana de mar. [&#8230;]]]></description>
										<content:encoded><![CDATA[
<p>Ideal para los amantes de los animales y la naturaleza</p>



<p>La estación mantiene un pequeño museo, con la historia de las islas y una colección de animales endémicos. Hay un mirador desde donde se ve parte de la isla y un par de playas donde podrán ver aves y con suerte alguna iguana de mar. Muy educativo, es una estación científica, pero también actúa como museo, lo que está expuesta es muy interesante y muy bien explicado, además todo muy bien ambientado y prolijo. La entrada al lugar es gratuita y tienen información interesante sobre la historia y evolución de las islas. Además, está el ejemplar Solitario George embalsamado, último en su especie. Al terminar el recorrido hay dos playas muy lindas donde se puede hacer snorkel.</p>



<figure class="wp-block-gallery has-nested-images columns-default is-cropped wp-block-gallery-3 is-layout-flex">
<figure class="wp-block-image size-large"><img decoding="async" width="500" height="380" data-id="559"  src="/wp-content/uploads/2022/08/Estacion-cientifica-Charles-Darwin-6-500x380-1.jpg" alt="" class="wp-image-559" srcset="/wp-content/uploads/2022/08/Estacion-cientifica-Charles-Darwin-6-500x380-1.jpg 500w, /wp-content/uploads/2022/08/Estacion-cientifica-Charles-Darwin-6-500x380-1-480x365.jpg 480w" sizes="(min-width: 0px) and (max-width: 480px) 480px, (min-width: 481px) 500px, 100vw" /></figure>



<figure class="wp-block-image size-large"><img decoding="async" width="1280" height="720" data-id="561"  src="/wp-content/uploads/2022/08/maxresdefault-1-1.jpg" alt="" class="wp-image-561" srcset="/wp-content/uploads/2022/08/maxresdefault-1-1.jpg 1280w, /wp-content/uploads/2022/08/maxresdefault-1-1-980x551.jpg 980w, /wp-content/uploads/2022/08/maxresdefault-1-1-480x270.jpg 480w" sizes="(min-width: 0px) and (max-width: 480px) 480px, (min-width: 481px) and (max-width: 980px) 980px, (min-width: 981px) 1280px, 100vw" /></figure>
</figure>
]]></content:encoded>
					
					<wfw:commentRss>/2022/08/25/estacion-cientifica-charles-darwin/feed/</wfw:commentRss>
			<slash:comments>0</slash:comments>
		
		
			</item>
		<item>
		<title>Delicias cuencanas Ambato</title>
		<link>/2022/08/25/delicias-cuencanas-ambato/</link>
					<comments>/2022/08/25/delicias-cuencanas-ambato/#comments</comments>
		
		<dc:creator><![CDATA[Belen]]></dc:creator>
		<pubDate>Thu, 25 Aug 2022 21:02:38 +0000</pubDate>
				<category><![CDATA[Reseñas]]></category>
		<guid isPermaLink="false">/?p=553</guid>

					<description><![CDATA[Muy rica la comida, excelente servicio. Los platos son abundantes, pueden comer dos personas sin problema. Los precios aceptables para el tamaño de los platos. Muy recomendado, un pedacito de Cuenca en Ambato. La atención es amable y las porciones son grandes. El yahuarlocro está rico y abundante. El lugar es amplio y se puede [&#8230;]]]></description>
										<content:encoded><![CDATA[
<p>Muy rica la comida, excelente servicio.</p>



<p>Los platos son abundantes, pueden comer dos personas sin problema.</p>



<p>Los precios aceptables para el tamaño de los platos.</p>



<p>Muy recomendado, un pedacito de Cuenca en Ambato.</p>



<p>La atención es amable y las porciones son grandes.</p>



<p>El yahuarlocro está rico y abundante.</p>



<p>El lugar es amplio y se puede comer en exteriores.</p>



<p>Posee un juegos infantiles para los más pequeños</p>



<figure class="wp-block-gallery has-nested-images columns-default is-cropped wp-block-gallery-5 is-layout-flex">
<figure class="wp-block-image size-large"><img decoding="async" width="400" height="300" data-id="554"  src="/wp-content/uploads/2022/08/2021-01-09.jpg" alt="" class="wp-image-554" srcset="/wp-content/uploads/2022/08/2021-01-09.jpg 400w, /wp-content/uploads/2022/08/2021-01-09-300x225.jpg 300w" sizes="(max-width: 400px) 100vw, 400px" /></figure>



<figure class="wp-block-image size-large"><img decoding="async" width="768" height="768" data-id="556"  src="/wp-content/uploads/2022/08/2021-01-03.jpg" alt="" class="wp-image-556" srcset="/wp-content/uploads/2022/08/2021-01-03.jpg 768w, /wp-content/uploads/2022/08/2021-01-03-480x480.jpg 480w" sizes="(min-width: 0px) and (max-width: 480px) 480px, (min-width: 481px) 768px, 100vw" /></figure>
</figure>
]]></content:encoded>
					
					<wfw:commentRss>/2022/08/25/delicias-cuencanas-ambato/feed/</wfw:commentRss>
			<slash:comments>1</slash:comments>
		
		
			</item>
		<item>
		<title>Colada morada y empanadas de viento</title>
		<link>/2022/08/25/colada-morada-y-empanadas-de-viento/</link>
					<comments>/2022/08/25/colada-morada-y-empanadas-de-viento/#respond</comments>
		
		<dc:creator><![CDATA[Edu]]></dc:creator>
		<pubDate>Thu, 25 Aug 2022 19:55:28 +0000</pubDate>
				<category><![CDATA[Reseñas]]></category>
		<guid isPermaLink="false">/?p=531</guid>

					<description><![CDATA[La colada morada, una deliciosa tradición de noviembre se vende durante todo el año en Atocha, solamente cambia su acompañado. En lugar de guaguas de pan, se las sirve con empanadas de viento. Atocha es conocido como un referente de la cultura y tradición netamente ambateña. Allí́ se puede visitar la histórica Quinta de Juan [&#8230;]]]></description>
										<content:encoded><![CDATA[
<p>La colada morada, una deliciosa tradición de noviembre se vende durante todo el año en Atocha, solamente cambia su acompañado. En lugar de guaguas de pan, se las sirve con empanadas de viento. Atocha es conocido como un referente de la cultura y tradición netamente ambateña. Allí́ se puede visitar la histórica Quinta de Juan León Mera, sus hermosos y renovados parques y, por supuesto, su delicioso rincón con olor a colada morada.</p>



<p>La venta de colada morada, pan y empanadas cocinadas en horno de leña, se inició́ en este sector en 1920. A través de los años se ha venido desarrollando la actividad de generación en generación, para convertirse, hoy en día, en uno de los principales platos tradicionales del cantón Ambato.</p>



<figure class="wp-block-gallery has-nested-images columns-default is-cropped wp-block-gallery-7 is-layout-flex">
<figure class="wp-block-image size-large"><img decoding="async" width="675" height="450" data-id="532"  src="/wp-content/uploads/2022/08/3cd51760b55e8b15290777e2750369e2_xl.jpg" alt="" class="wp-image-532" srcset="/wp-content/uploads/2022/08/3cd51760b55e8b15290777e2750369e2_xl.jpg 675w, /wp-content/uploads/2022/08/3cd51760b55e8b15290777e2750369e2_xl-480x320.jpg 480w" sizes="(min-width: 0px) and (max-width: 480px) 480px, (min-width: 481px) 675px, 100vw" /></figure>



<figure class="wp-block-image size-large"><img decoding="async" width="482" height="294" data-id="533"  src="/wp-content/uploads/2022/08/Empanadas-de-viento-1.jpg" alt="" class="wp-image-533" srcset="/wp-content/uploads/2022/08/Empanadas-de-viento-1.jpg 482w, /wp-content/uploads/2022/08/Empanadas-de-viento-1-480x293.jpg 480w" sizes="(min-width: 0px) and (max-width: 480px) 480px, (min-width: 481px) 482px, 100vw" /></figure>
</figure>
]]></content:encoded>
					
					<wfw:commentRss>/2022/08/25/colada-morada-y-empanadas-de-viento/feed/</wfw:commentRss>
			<slash:comments>0</slash:comments>
		
		
			</item>
		<item>
		<title>Consejos para viajar</title>
		<link>/2022/08/17/consejos-para-viajar/</link>
					<comments>/2022/08/17/consejos-para-viajar/#respond</comments>
		
		<dc:creator><![CDATA[Eduardlink]]></dc:creator>
		<pubDate>Thu, 18 Aug 2022 01:41:46 +0000</pubDate>
				<category><![CDATA[Reseñas]]></category>
		<guid isPermaLink="false">/2022/08/17/consejos-para-viajar/</guid>

					<description><![CDATA[No te voy a dar consejos super complicados o importantísimos. Si quieres ver mucho más te aconsejo que mires lo que tengo escrito sobre Edimburgo. Con estos consejos quiero que puedas: Tener un viaje más entretenido No hagas enfadar a un local Te podrás mover mejor por la ciudad Encuentres un alojamiento aceptable Puedas comer [&#8230;]]]></description>
										<content:encoded><![CDATA[<div class="et_pb_column et_pb_column_4_4 et_pb_column_0  et_pb_css_mix_blend_mode_passthrough et-last-child">
<div class="et_pb_module et_pb_text et_pb_text_0  et_pb_text_align_left et_pb_bg_layout_light">
<div class="et_pb_text_inner">
<p>No te voy a dar consejos super complicados o importantísimos. Si quieres ver mucho más te aconsejo que mires lo que tengo escrito sobre Edimburgo.</p>
<p>Con estos consejos quiero que puedas:</p>
<p>Tener un viaje más entretenido</p>
<p>No hagas enfadar a un local</p>
<p>Te podrás mover mejor por la ciudad</p>
<p>Encuentres un alojamiento aceptable</p>
<p>Puedas comer bien</p>
<p>Vayas a sitios que son de verdad importantes</p>
<p>Puedas entender a la gente</p>
<p>Y sobre todo, que de tu viaje te lleves un buen recuerdo</p>
<p><a href="/wp-content/uploads/2022/08/26-02-17-SD-Esp-floresambato-6-316bb16a.jpg"><img decoding="async" class="attachment-large " src="/wp-content/uploads/2022/08/26-02-17-SD-Esp-floresambato-6-316bb16a.jpg" alt="" width="650" height="445" /></a></p>
<h2><strong>Abrígate, al menos un poco</strong></h2>
<p>Hace unos días hacía calor. Yo me alegré que al fin podía salir con pantalones cortos y una camiseta (algo que se puede hacer muy poco aquí) y pensé que todos iban a estar igual. Fui a un parque a pasear y me di cuenta que todos los viajeros llevaban una chaquetita o algo que les cubría un poco más. Todos ellos.</p>
</div>
</div>
</div>
]]></content:encoded>
					
					<wfw:commentRss>/2022/08/17/consejos-para-viajar/feed/</wfw:commentRss>
			<slash:comments>0</slash:comments>
		
		
			</item>
		<item>
		<title>Parque Provincial de la Familia en Ambato</title>
		<link>/2022/08/17/parque-provincial-de-la-familia-en-ambato/</link>
					<comments>/2022/08/17/parque-provincial-de-la-familia-en-ambato/#comments</comments>
		
		<dc:creator><![CDATA[Edu]]></dc:creator>
		<pubDate>Wed, 17 Aug 2022 03:26:54 +0000</pubDate>
				<category><![CDATA[Reseñas]]></category>
		<guid isPermaLink="false">/?p=46</guid>

					<description><![CDATA[Este Parque es espectacular, uno de los más visitados del Ecuador. En él podrás observar una Granja Agroecológica, disfrutar de un picnic, hacer deportes, fotografía, motocross y caminatas. Punto imprescindible para turistas que visitan Tungurahua. El Parque está dividido en 2 zonas: la Zona Activa es un espacio destinado a la práctica deportiva, donde el [&#8230;]]]></description>
										<content:encoded><![CDATA[
<figure class="wp-block-image size-full"><img decoding="async" width="1024" height="682" src="/wp-content/uploads/2022/08/15-3030-1024x682-1.jpeg" alt="" class="wp-image-47" srcset="/wp-content/uploads/2022/08/15-3030-1024x682-1.jpeg 1024w, /wp-content/uploads/2022/08/15-3030-1024x682-1-980x653.jpeg 980w, /wp-content/uploads/2022/08/15-3030-1024x682-1-480x320.jpeg 480w" sizes="(min-width: 0px) and (max-width: 480px) 480px, (min-width: 481px) and (max-width: 980px) 980px, (min-width: 981px) 1024px, 100vw" /></figure>



<p>Este Parque es espectacular, uno de los más visitados del Ecuador. En él podrás observar una Granja Agroecológica, disfrutar de un picnic, hacer deportes, fotografía, motocross y caminatas. Punto imprescindible para turistas que visitan Tungurahua.</p>



<p>El Parque está dividido en 2 zonas: la Zona Activa es un espacio destinado a la práctica deportiva, donde el visitante dispondrá de canchas para la práctica de básquet, fútbol, volley, indorfútbol; pistas para la práctica de motocross, bicicross y aeromodelismo.</p>



<p>La Zona Pasiva es un espacio destinado a la contemplación y convivencia con la naturaleza. Conformada por áreas como el camping y picnic donde los visitantes pueden elaborar su comida en los asaderos, huertos frutales, jardínes, lagunas con peces carpa y la granja agroecológica que brinda al visitante la oportunidad de observar animales de granja y adquirir, los días domingo, productos agroecológicos recién cosechados.</p>



<p>Aproximadamente 6 kilómetros de caminera asfaltada y adoquinada recorre el Parque completo y se encuentra ubicado sobre los 3.000 msnm.</p>



<p>Disfrutar del ambiente natural con la vista desde la glorieta de lectura, realizar las mejores fotografías en la Plaza Cívica con la bandera de la provincia de Tungurahua flameando y deleitarse con las travesuras en la&nbsp; laguna con patos, diversos juegos infantiles para los más pequeños de la familia (uso exclusivo para niños hasta 12 años).</p>



<p>Cuenta también con un Centro de Convenciones que dispone de los salones Palama y Quillalli, sala de estar, cafetería, jardines coloridos y exposición permanente de pinturas de los nueve cantones de Tungurahua y su potencial gastronómico, hídrico, productivo y étnico.</p>



<p>Este espacio realmente es hermoso, bien mantenido y sobretodo, es un sitio de contacto con la naturaleza, como para recargar energías y pasarla bien con la familia y amigos</p>



<p>Mientras que en la Zona Activa encontramos el parqueadero para 240 vehículos y la plaza de distribución en la que se encuentra ubicado el Centro de Atención al Visitante, en donde el visitante recibirá la información del Parque además de souvenirs de este espacio.</p>
]]></content:encoded>
					
					<wfw:commentRss>/2022/08/17/parque-provincial-de-la-familia-en-ambato/feed/</wfw:commentRss>
			<slash:comments>2</slash:comments>
		
		
			</item>
		<item>
		<title>Catedral Ambato</title>
		<link>/2022/08/17/catedral-ambato/</link>
					<comments>/2022/08/17/catedral-ambato/#respond</comments>
		
		<dc:creator><![CDATA[Edu]]></dc:creator>
		<pubDate>Wed, 17 Aug 2022 03:21:58 +0000</pubDate>
				<category><![CDATA[Reseñas]]></category>
		<guid isPermaLink="false">/?p=38</guid>

					<description><![CDATA[Iglesia restaurada junto a uno de los parques más emblemáticos de la ciudad, en un sector muy importante en donde podemos encontrar la Casa de la Cultura, La Gobernación de la provincia, la Biblioteca del Consejo provincial y el Portal. La Catedral de Ambato no es el más bonito que vimos en América del Sur, [&#8230;]]]></description>
										<content:encoded><![CDATA[
<p>Iglesia restaurada junto a uno de los parques más emblemáticos de la ciudad, en un sector muy importante en donde podemos encontrar la Casa de la Cultura, La Gobernación de la provincia, la Biblioteca del Consejo provincial y el Portal.</p>



<p>La Catedral de Ambato no es el más bonito que vimos en América del Sur, pero no puede quitar el hecho de que, con su arquitectura moderna plaza límite Soviética, no se puede perder. Situado justo enfrente del parque Montalvo, no podemos menos que admirar la visita de la masa impresionante, sin duda.</p>



<figure class="wp-block-image size-full"><img decoding="async" width="800" height="547" src="/wp-content/uploads/2022/08/26-02-17-SD-Esp-floresambato-6.jpg" alt="" class="wp-image-39" srcset="/wp-content/uploads/2022/08/26-02-17-SD-Esp-floresambato-6.jpg 800w, /wp-content/uploads/2022/08/26-02-17-SD-Esp-floresambato-6-480x328.jpg 480w" sizes="(min-width: 0px) and (max-width: 480px) 480px, (min-width: 481px) 800px, 100vw" /></figure>



<p>La Catedral de Ambato es uno de los lugares más visitados de la ciudad. En su interior y exterior se puede apreciar los vitrales de los apóstoles de Jesús y las palomas que son las guardianas del templo.</p>



<p>La capilla original se construyo en 1698, su fachada era cubierta de paja, con la contribución de muchos devotos poco a poco fue remodelada y represento una de las edificaciones más grande de la ciudad.</p>



<p>En el año de 1797 como consecuencia del terremoto la iglesia se destruyo por completo. Gracias al trabajo de entidades publicas y personas caritativas se emprendió la construcción de una nueva iglesia que fue estructurada a base de piedra y con un hermoso diseño, la misma que fue destruida el 5 de agosto de 1949 por un fuerte sismo.</p>



<p>La edificación actual está construida en hormigón armado, mármol, con grandes portones de madera tallada, pretil de color blanco y un alto campanario junto al que se levanta una enorme cúpula,&nbsp; gradas de piedra tallada y una gran nave central con una amplia bóveda.</p>



<p>Posee varios retablos de madera e imágenes que pertenecían a la antigua Matriz, como son: el Sagrado Corazón de Jesús, San Juan Bautista, Virgen Dolorosa, Señor de la Columna, Virgen Inmaculada. La mesa del altar es de mármol y piedra, que corresponden a restos de la antigua iglesia.</p>
]]></content:encoded>
					
					<wfw:commentRss>/2022/08/17/catedral-ambato/feed/</wfw:commentRss>
			<slash:comments>0</slash:comments>
		
		
			</item>
		<item>
		<title>Playas de Ecuador</title>
		<link>/2022/08/17/playas-de-ecuador/</link>
					<comments>/2022/08/17/playas-de-ecuador/#comments</comments>
		
		<dc:creator><![CDATA[Edu]]></dc:creator>
		<pubDate>Wed, 17 Aug 2022 03:16:25 +0000</pubDate>
				<category><![CDATA[Reseñas]]></category>
		<guid isPermaLink="false">/?p=31</guid>

					<description><![CDATA[]]></description>
										<content:encoded><![CDATA[<div class="et_pb_section et_pb_section_0 et_section_regular" >
				
				
				
				
					<div class="et_pb_row et_pb_row_0">
								<div class="et_pb_column et_pb_column_4_4 et_pb_column_0  et_pb_css_mix_blend_mode_passthrough et-last-child">
				
				
				<div class="et_pb_module et_pb_text et_pb_text_0  et_pb_text_align_left et_pb_bg_layout_light">
				
				
				<div class="et_pb_text_inner"><p>Las playas de Ecuador son galardonadas entre los primeros lugares por muchas organizaciones a nivel mundial gracias a sus propiedades naturales y geográficas, te invitamos a conocer y vivir una experiencia inolvidable si te encuentras haciendo turismo en Ecuador.</p>



<h2 class="wp-block-heading">Recomendaciones para viajar</h2>



<h3 class="wp-block-heading">Playa de Ayangue</h3>



<p>Ayangue es de las playas de Ecuador que son más encantadoras y apreciadas. Esta playa, que es bastante grande, ya que cuenta con 3 kilómetros de extensión, está ubicada en la costa oeste del país y es una verdadera maravilla, ya que está caracterizada por la arena clara y fina y las aguas de un color azul turquesa que siempre están calmadas.</p>



<p>La Playa de Ayangue, además, es de las más frecuentadas por los turistas que aman practicar snorkel y buceo, ya que cuenta con algunos de los puntos más interesantes para admirar la excelente y variada vida submarina de Ecuador.</p>



<h3 class="wp-block-heading">Puerto Cayo</h3>



<p>No muy lejos de la Playa de Ayangue hay la de Puerto Cayo, un poco más al norte. Esta playa es muy célebre porque es sin duda una de las más hermosas del país. Además de esto, Puerto Cayo cuenta con una atmósfera de paz y sosiego muy agradable y con un paisaje maravilloso.</p>



<p>En la Playa de Puerto Cayo, después, es posible dedicarse a los deportes acuáticos, particularmente al surf, junto a la familia, a la pareja o a un grupo de amigos. Por último, este lugar es muy especial porque en Puerto Cayo, algunas veces, se pueden admirar las ballenas.</p>



<h3 class="wp-block-heading">Bahía Tortuga</h3>



<p>Hablando de las mejores playas de Ecuador es imposible olvidarse de la playa de Bahía Tortuga, que está ubicada en la costa occidental de la Isla de Santa Cruz, en las Islas Galápagos.</p>



<p>Se trata sin duda de una de las playas más encantadoras de Ecuador, ya que cuenta con la arena blanca y suave, con unas aguas cristalinas maravillosas y con una vegetación lujuriante de mil matices de verde.</p>



<p>Esta playa es el hogar de varias especies de animales típicas de las Islas Galápagos, como por ejemplo cangrejos, iguanas, pelícanos, tiburones de arrecife de punta blanca y, por supuesto, las tortugas de las Galápagos.</p>



<h3 class="wp-block-heading">Bahía de Caráquez</h3>



<p>La extraordinaria Bahía de Caráquez se encuentra en la costa oeste del país, más al norte con respecto a las ya mencionadas Playa de Ayangue y Playa de Puerto Cayo. La playa de la Bahía de Caráquez es conocida por ser de las más tranquilas y acogedoras de las playas de Ecuador. Está caracterizada, además, por una vegetación lujuriante muy sugestiva.</p>



<p>En esta playa es posible admirar unos atardeceres hermosos en compañía de los seres queridos, además de practicar todo tipo de deportes acuáticos, como por ejemplo kayak, windsurf y esquí acuático. Por último, en esta playa hay varios bares y restaurantes en donde probar la comida típica y unas tiendas de artesanías.</p>



<h3 class="wp-block-heading">Playa de Canoa</h3>



<p>Unos kilómetros más al norte de la Bahía de Caráquez se encuentra la Playa de Canoa, también entre las más considerables del país. Los puntos fuertes de esta playa son sin duda los paisajes increíbles y la posibilidad de practicar deportes acuáticos, sobre todo surf, en compañía de la familia, de la pareja o de los amigos.</p>



<figure class="wp-block-image size-large"><img decoding="async" width="1024" height="768" src="/wp-content/uploads/2022/08/IMG_20190427_095503-02-1024x768.jpeg" alt="" class="wp-image-32" srcset="/wp-content/uploads/2022/08/IMG_20190427_095503-02-1024x768.jpeg 1024w, /wp-content/uploads/2022/08/IMG_20190427_095503-02-300x225.jpeg 300w, /wp-content/uploads/2022/08/IMG_20190427_095503-02-768x576.jpeg 768w, /wp-content/uploads/2022/08/IMG_20190427_095503-02-1536x1152.jpeg 1536w, /wp-content/uploads/2022/08/IMG_20190427_095503-02-2048x1536.jpeg 2048w, /wp-content/uploads/2022/08/IMG_20190427_095503-02-510x382.jpeg 510w, /wp-content/uploads/2022/08/IMG_20190427_095503-02-1080x810.jpeg 1080w" sizes="(max-width: 1024px) 100vw, 1024px" /></figure></div>
			</div>
			</div>			
				
				
			</div>		
				
				
			</div>]]></content:encoded>
					
					<wfw:commentRss>/2022/08/17/playas-de-ecuador/feed/</wfw:commentRss>
			<slash:comments>2</slash:comments>
		
		
			</item>
	</channel>
</rss>
