<?xml version="1.0" encoding="UTF-8"?><rss version="2.0"
	xmlns:content="http://purl.org/rss/1.0/modules/content/"
	xmlns:wfw="http://wellformedweb.org/CommentAPI/"
	xmlns:dc="http://purl.org/dc/elements/1.1/"
	xmlns:atom="http://www.w3.org/2005/Atom"
	xmlns:sy="http://purl.org/rss/1.0/modules/syndication/"
	xmlns:slash="http://purl.org/rss/1.0/modules/slash/"
	>

<channel>
	<title>Comida | Mikuy Search</title>
	<atom:link href="/category/comida/feed/" rel="self" type="application/rss+xml" />
	<link>/</link>
	<description>Explora nuestras tradiciones</description>
	<lastBuildDate>Wed, 31 Aug 2022 19:57:22 +0000</lastBuildDate>
	<language>es</language>
	<sy:updatePeriod>
	hourly	</sy:updatePeriod>
	<sy:updateFrequency>
	1	</sy:updateFrequency>
	<generator>https://wordpress.org/?v=6.2</generator>

<image>
	<url>/wp-content/uploads/2022/08/cropped-Sin-titulo-11-32x32.png</url>
	<title>Comida | Mikuy Search</title>
	<link>/</link>
	<width>32</width>
	<height>32</height>
</image> 
	<item>
		<title>Quimbolitos</title>
		<link>/2022/08/25/quimbolitos/</link>
					<comments>/2022/08/25/quimbolitos/#respond</comments>
		
		<dc:creator><![CDATA[Edu]]></dc:creator>
		<pubDate>Thu, 25 Aug 2022 20:54:03 +0000</pubDate>
				<category><![CDATA[Comida]]></category>
		<guid isPermaLink="false">/?p=546</guid>

					<description><![CDATA[Los quimbolitos o kimbolitos son pasteles dulces que se cocinan al vapor en hojas de achira. Se podría decir que los quimbolitos son una especie de tamal dulce, aunque en realidad son más esponjosos y tienen sabor a torta o pastel. Esta receta es con harina de maíz, pero hay quienes también los preparan con [&#8230;]]]></description>
										<content:encoded><![CDATA[
<p>Los quimbolitos o kimbolitos son pasteles dulces que se cocinan al vapor en hojas de achira. Se podría decir que los quimbolitos son una especie de tamal dulce, aunque en realidad son más esponjosos y tienen sabor a torta o pastel. Esta receta es con harina de maíz, pero hay quienes también los preparan con harina de trigo o con una mezcla de ambas. Los quimbolitos se suelen decorar con pasas, pero también se podrían preparar con frutas como fresas, moras, etc. Los quimbolitos se sirven con café o para el postre, en algunos lugares los acompañan con salsa de fruta, ya sea salsa de naranjilla o maracuyá. El toque agri-dulce de la salsa complementa perfectamente al sabor dulce del quimbolito. En caso de no encontrar hojas de achira, se podrían usar hojas de plátano (aunque no es lo más tradicional).</p>



<p><strong>Dirección:</strong></p>



<p>Barrio Obrero, en la avenida Vazcones y Joaquín Aillón.</p>



<p><strong>Contacto:</strong></p>



<p>0995718794</p>



<figure class="wp-block-gallery has-nested-images columns-default is-cropped wp-block-gallery-1 is-layout-flex">
<figure class="wp-block-image size-large"><img decoding="async" width="520" height="375" data-id="547"  src="/wp-content/uploads/2022/08/e745eb3fe0cea9e959a92b2482612069.jpg" alt="" class="wp-image-547" srcset="/wp-content/uploads/2022/08/e745eb3fe0cea9e959a92b2482612069.jpg 520w, /wp-content/uploads/2022/08/e745eb3fe0cea9e959a92b2482612069-480x346.jpg 480w" sizes="(min-width: 0px) and (max-width: 480px) 480px, (min-width: 481px) 520px, 100vw" /></figure>



<figure class="wp-block-image size-large"><img decoding="async" width="800" height="600" data-id="548"  src="/wp-content/uploads/2022/08/PC240737.jpg" alt="" class="wp-image-548" srcset="/wp-content/uploads/2022/08/PC240737.jpg 800w, /wp-content/uploads/2022/08/PC240737-480x360.jpg 480w" sizes="(min-width: 0px) and (max-width: 480px) 480px, (min-width: 481px) 800px, 100vw" /></figure>
</figure>
]]></content:encoded>
					
					<wfw:commentRss>/2022/08/25/quimbolitos/feed/</wfw:commentRss>
			<slash:comments>0</slash:comments>
		
		
			</item>
		<item>
		<title>Locro de papas</title>
		<link>/2022/08/25/locro-de-papas/</link>
					<comments>/2022/08/25/locro-de-papas/#respond</comments>
		
		<dc:creator><![CDATA[Edu]]></dc:creator>
		<pubDate>Thu, 25 Aug 2022 20:46:55 +0000</pubDate>
				<category><![CDATA[Comida]]></category>
		<guid isPermaLink="false">/?p=541</guid>

					<description><![CDATA[El locro de papa con queso es una clásica sopa ecuatoriana de papas y queso. Este delicioso locro de papas es una sopa muy cremosa y suele gustar a todos, incluso a los niños melindrosos. Es una sopa típica de la Sierra, es especialmente popular en Quito y la región Norte del Ecuador, pero se [&#8230;]]]></description>
										<content:encoded><![CDATA[
<p>El locro de papa con queso es una clásica sopa ecuatoriana de papas y queso. Este delicioso locro de papas es una sopa muy cremosa y suele gustar a todos, incluso a los niños melindrosos. Es una sopa típica de la Sierra, es especialmente popular en Quito y la región Norte del Ecuador, pero se la encuentra en todas partes del país. También se la conoce simplemente como locro de queso o locro quiteño.</p>



<p>Al igual que muchas otras recetas típicas ecuatorianas, los ingredientes y la preparación varían de una ciudad a otra. Hay diferentes variaciones del locro de papa en Ecuador, algunas variaciones incluyen col, maíz o choclo fresco, maní, cueritos, camarones, etc.</p>



<p><strong>Dirección:</strong></p>



<p>Ingreso de la parroquia Quisapincha</p>



<p><strong>Contacto:</strong></p>



<p>(+593) 09 8878 3846</p>



<figure class="wp-block-gallery has-nested-images columns-default is-cropped wp-block-gallery-3 is-layout-flex">
<figure class="wp-block-image size-large"><img decoding="async" width="800" height="599" data-id="543"  src="/wp-content/uploads/2022/08/attractive_1122.jpg" alt="" class="wp-image-543" srcset="/wp-content/uploads/2022/08/attractive_1122.jpg 800w, /wp-content/uploads/2022/08/attractive_1122-480x359.jpg 480w" sizes="(min-width: 0px) and (max-width: 480px) 480px, (min-width: 481px) 800px, 100vw" /></figure>



<figure class="wp-block-image size-large"><img decoding="async" width="640" height="427" data-id="544"  src="/wp-content/uploads/2022/08/locro-de-papa-china.jpg" alt="" class="wp-image-544" srcset="/wp-content/uploads/2022/08/locro-de-papa-china.jpg 640w, /wp-content/uploads/2022/08/locro-de-papa-china-480x320.jpg 480w" sizes="(min-width: 0px) and (max-width: 480px) 480px, (min-width: 481px) 640px, 100vw" /></figure>
</figure>
]]></content:encoded>
					
					<wfw:commentRss>/2022/08/25/locro-de-papas/feed/</wfw:commentRss>
			<slash:comments>0</slash:comments>
		
		
			</item>
		<item>
		<title>Encebollado</title>
		<link>/2022/08/25/encebollado/</link>
					<comments>/2022/08/25/encebollado/#respond</comments>
		
		<dc:creator><![CDATA[Edu]]></dc:creator>
		<pubDate>Thu, 25 Aug 2022 20:19:41 +0000</pubDate>
				<category><![CDATA[Comida]]></category>
		<guid isPermaLink="false">/?p=536</guid>

					<description><![CDATA[El encebollado cuyo significado genérico es comida aderezada con mucha cebolla y sazonada con especias, es además un plato típico ecuatoriano originario de la región costa. Es considerado el plato insignia de la gastronomía ecuatoriana. El encebollado tiene su nacimiento en las costas ecuatorianas, con el nombre de &#8220;picante de pescado&#8221;, por como lo hacían [&#8230;]]]></description>
										<content:encoded><![CDATA[
<p>El encebollado cuyo significado genérico es comida aderezada con mucha cebolla y sazonada con especias, es además un plato típico ecuatoriano originario de la región costa. Es considerado el plato insignia de la gastronomía ecuatoriana.</p>



<p>El encebollado tiene su nacimiento en las costas ecuatorianas, con el nombre de &#8220;picante de pescado&#8221;, por como lo hacían los antepasados de la Costa, con pescado salado. Esa gente que emigró lo trajo como recurso para sobrevivir en Guayaquil a los astilleros y la cocina. Este plato se prepara a base de pescado pero se lo es combinado con diferentes mariscos como el camarón o el pulpo y diferentes especias, los acompañantes más conocidos para esta preparación culinaria son: el pan, el plátano frito (chifles) y el arroz. Un lugar conocido por sus deliciosos encebollados es el Jocay De Manta, ubicado en la ciudad de Ambato.</p>



<p><strong>Dirección:</strong></p>



<p>San Antonio, av. Rumiñahui y av. Pichincha.</p>



<p><strong>Teléfono:</strong></p>



<p>(+593) 09 5848 6810</p>



<figure class="wp-block-gallery has-nested-images columns-default is-cropped wp-block-gallery-5 is-layout-flex">
<figure class="wp-block-image size-large"><img decoding="async" width="916" height="737" data-id="537"  src="/wp-content/uploads/2022/08/Screenshot-2022-08-25-151703.png" alt="" class="wp-image-537" srcset="/wp-content/uploads/2022/08/Screenshot-2022-08-25-151703.png 916w, /wp-content/uploads/2022/08/Screenshot-2022-08-25-151703-480x386.png 480w" sizes="(min-width: 0px) and (max-width: 480px) 480px, (min-width: 481px) 916px, 100vw" /></figure>



<figure class="wp-block-image size-large"><img decoding="async" width="667" height="736" data-id="538"  src="/wp-content/uploads/2022/08/Screenshot-2022-08-25-151709.png" alt="" class="wp-image-538" srcset="/wp-content/uploads/2022/08/Screenshot-2022-08-25-151709.png 667w, /wp-content/uploads/2022/08/Screenshot-2022-08-25-151709-480x530.png 480w" sizes="(min-width: 0px) and (max-width: 480px) 480px, (min-width: 481px) 667px, 100vw" /></figure>
</figure>
]]></content:encoded>
					
					<wfw:commentRss>/2022/08/25/encebollado/feed/</wfw:commentRss>
			<slash:comments>0</slash:comments>
		
		
			</item>
		<item>
		<title>Gallinas de Pinllo</title>
		<link>/2022/08/25/gallinas-de-pinllo/</link>
					<comments>/2022/08/25/gallinas-de-pinllo/#comments</comments>
		
		<dc:creator><![CDATA[Edu]]></dc:creator>
		<pubDate>Thu, 25 Aug 2022 19:48:02 +0000</pubDate>
				<category><![CDATA[Comida]]></category>
		<guid isPermaLink="false">/?p=527</guid>

					<description><![CDATA[Fue en 1943 que se preparó este suculento plato por primera vez. Desde ese entonces se continúa preparando a leña con ingredientes y aliños naturales, se sirve con papas y zarza de maní. En el año de 1948, los esposos Adán Villacreses y Ernestina Lagos, crean la picantería” Casa El Recreo”, en la que se [&#8230;]]]></description>
										<content:encoded><![CDATA[
<p>Fue en 1943 que se preparó este suculento plato por primera vez. Desde ese entonces se continúa preparando a leña con ingredientes y aliños naturales, se sirve con papas y zarza de maní.</p>



<p>En el año de 1948, los esposos Adán Villacreses y Ernestina Lagos, crean la picantería” Casa El Recreo”, en la que se preparaban tres platillos específicos: la gallina criolla, el cuy y el conejo, todos ellos acompañados de patatas y salsa de maní. La atención a los clientes se hacía únicamente bajo pedido, sin importar ni el día ni la hora.</p>



<p>La gallina, tal como la preparaba doña Ernestina, es una receta que aprendió́ de su madre; los cuyes y los conejos los preparaban como manda la tradición ambateña. Han pasado ya 58 años y aún se mantiene su preparación, por lo que se ha convertido en una tradición de la parroquia de San Bartolomé́ de Pinllo.</p>



<p><strong>Dirección:</strong></p>



<p>Nieto Polo del Aguila entre Cosmos y Democracia, 50 m mas abajo de Iglesia antígua, Ambato 180150.</p>



<p><strong>Contacto:</strong></p>



<p>(+593) 09 9364 1672</p>


<div class="wp-block-image">
<figure class="aligncenter size-full"><img decoding="async" width="560" height="315" src="/wp-content/uploads/2022/08/0e3e77113b112900e2f2b598451fe63f_lg.jpg" alt="" class="wp-image-528" srcset="/wp-content/uploads/2022/08/0e3e77113b112900e2f2b598451fe63f_lg.jpg 560w, /wp-content/uploads/2022/08/0e3e77113b112900e2f2b598451fe63f_lg-480x270.jpg 480w" sizes="(min-width: 0px) and (max-width: 480px) 480px, (min-width: 481px) 560px, 100vw" /></figure></div>]]></content:encoded>
					
					<wfw:commentRss>/2022/08/25/gallinas-de-pinllo/feed/</wfw:commentRss>
			<slash:comments>1</slash:comments>
		
		
			</item>
		<item>
		<title>Helados de Ambato </title>
		<link>/2022/08/25/helados-de-ambato/</link>
					<comments>/2022/08/25/helados-de-ambato/#respond</comments>
		
		<dc:creator><![CDATA[Edu]]></dc:creator>
		<pubDate>Thu, 25 Aug 2022 17:32:11 +0000</pubDate>
				<category><![CDATA[Comida]]></category>
		<guid isPermaLink="false">/?p=521</guid>

					<description><![CDATA[En la provincia se cultiva una variada producción&#160;orgánica de frutas como fresa, mora, durazno, taxo,&#160;uvilla, aguacate, tomate de árbol, las mismas que son&#160;utilizadas para elaborar unos exquisitos y refrescanteshelados. Actualmente se pueden degustar helados de&#160;paila, en palito, vasito y de máquina. Con un pequeño coche prestado por su suegro comenzó en el negocio de los [&#8230;]]]></description>
										<content:encoded><![CDATA[
<p>En la provincia se cultiva una variada producción&nbsp;orgánica de frutas como fresa, mora, durazno, taxo,&nbsp;uvilla, aguacate, tomate de árbol, las mismas que son&nbsp;utilizadas para elaborar unos exquisitos y refrescantes<br>helados. Actualmente se pueden degustar helados de&nbsp;paila, en palito, vasito y de máquina.</p>



<figure class="wp-block-gallery has-nested-images columns-default is-cropped wp-block-gallery-7 is-layout-flex">
<figure class="wp-block-image size-large"><img decoding="async" width="2048" height="1151" data-id="523"  src="/wp-content/uploads/2022/08/Helados_2.jpg" alt="" class="wp-image-523" srcset="/wp-content/uploads/2022/08/Helados_2.jpg 2048w, /wp-content/uploads/2022/08/Helados_2-1280x719.jpg 1280w, /wp-content/uploads/2022/08/Helados_2-980x551.jpg 980w, /wp-content/uploads/2022/08/Helados_2-480x270.jpg 480w" sizes="(min-width: 0px) and (max-width: 480px) 480px, (min-width: 481px) and (max-width: 980px) 980px, (min-width: 981px) and (max-width: 1280px) 1280px, (min-width: 1281px) 2048px, 100vw" /></figure>



<figure class="wp-block-image size-large"><img decoding="async" width="2048" height="1151" data-id="524"  src="/wp-content/uploads/2022/08/Helados_3.png" alt="" class="wp-image-524" srcset="/wp-content/uploads/2022/08/Helados_3.png 2048w, /wp-content/uploads/2022/08/Helados_3-1280x719.png 1280w, /wp-content/uploads/2022/08/Helados_3-980x551.png 980w, /wp-content/uploads/2022/08/Helados_3-480x270.png 480w" sizes="(min-width: 0px) and (max-width: 480px) 480px, (min-width: 481px) and (max-width: 980px) 980px, (min-width: 981px) and (max-width: 1280px) 1280px, (min-width: 1281px) 2048px, 100vw" /></figure>



<figure class="wp-block-image size-large"><img decoding="async" width="1024" height="768" data-id="525"  src="/wp-content/uploads/2022/08/Helados_4.jpg" alt="" class="wp-image-525" srcset="/wp-content/uploads/2022/08/Helados_4.jpg 1024w, /wp-content/uploads/2022/08/Helados_4-980x735.jpg 980w, /wp-content/uploads/2022/08/Helados_4-480x360.jpg 480w" sizes="(min-width: 0px) and (max-width: 480px) 480px, (min-width: 481px) and (max-width: 980px) 980px, (min-width: 981px) 1024px, 100vw" /></figure>
</figure>



<p>Con un pequeño coche prestado por su suegro comenzó en el negocio de los helados que en un principio solo recorría las calles los lunes y viernes para aprovechar la feria en Ambato. “Poco a poco comencé a vender, yo no sabía nada mi esposa es quien sabía, de ahí comenzó la historia yo trabajaba como un ambulante en plazas y mercados”, recordó.</p>



<p>Segundo cuenta que de a poco comenzó a hacerse conocer, que en un inicio los detalles aún no estaban presentes. “No tenía paraguas y uno se quemaba, sin mandil, mi suegro es quien me enseñó a ponerme el mandil, a uno le daba recelo, joven aún”, comentó.</p>



<p>Varias generaciones han disfrutado de este dulce manjar que de lunes a domingo se ofrece en la esquina de la Bolívar y Montalvo. “Los niños que ahora ya son grandes se acuerdan de cuando venían a chupar los helados me decían el marinerito, entonces todos venían a donde el marinero”, dijo.</p>



<p>Extracto tomado de: <a href="https://www.lahora.com.ec/tungurahua/tradicion-helados-catedral/">La tradición de los Helados la Catedral – Diario La Hora</a></p>



<p><strong>Dirección:</strong></p>



<p>Simón Bolívar 17-38, Ambato 180101, Ambato 180101.</p>



<p></p>
]]></content:encoded>
					
					<wfw:commentRss>/2022/08/25/helados-de-ambato/feed/</wfw:commentRss>
			<slash:comments>0</slash:comments>
		
		
			</item>
		<item>
		<title>Pan de Pinllo</title>
		<link>/2022/08/25/pan-de-pinllo/</link>
					<comments>/2022/08/25/pan-de-pinllo/#respond</comments>
		
		<dc:creator><![CDATA[Edu]]></dc:creator>
		<pubDate>Thu, 25 Aug 2022 17:13:55 +0000</pubDate>
				<category><![CDATA[Comida]]></category>
		<guid isPermaLink="false">/?p=515</guid>

					<description><![CDATA[Origen El pan de Ambato fue famoso desde las primeras épocas coloniales. En 1790 llega a la ciudad el Dr. José́ Pérez de Calama, quien había sido designado como XX Obispo de la Diócesis de Quito. Este español, natural de Alberca en Extremadura, proporciona las instrucciones para la elaboración del pan que debía ser: “bien [&#8230;]]]></description>
										<content:encoded><![CDATA[
<h2 class="wp-block-heading">Origen</h2>



<p>El pan de Ambato fue famoso desde las primeras épocas coloniales. En 1790 llega a la ciudad el Dr. José́ Pérez de Calama, quien había sido designado como XX Obispo de la Diócesis de Quito. Este español, natural de Alberca en Extremadura, proporciona las instrucciones para la elaboración del pan que debía ser: “bien amasado, bien fermentado y bien cocido”. Según el obispo Pérez de Calama, el buen pan debía ser el que en su interior formara ojos y cuyo migajón se desmenuzara fácilmente. Dio indicaciones de como debían construirse los hornos para cocinar el pan. “Los hornos debían tener forma de bóveda y estar construidos de ladrillo.”</p>



<p></p>



<figure class="wp-block-gallery has-nested-images columns-default is-cropped wp-block-gallery-9 is-layout-flex">
<figure class="wp-block-image size-large"><img decoding="async" width="938" height="1250" data-id="517"  src="/wp-content/uploads/2022/08/PanPinllo_2.jpg" alt="" class="wp-image-517" srcset="/wp-content/uploads/2022/08/PanPinllo_2.jpg 938w, /wp-content/uploads/2022/08/PanPinllo_2-480x640.jpg 480w" sizes="(min-width: 0px) and (max-width: 480px) 480px, (min-width: 481px) 938px, 100vw" /></figure>



<figure class="wp-block-image size-large"><img decoding="async" width="613" height="513" data-id="518"  src="/wp-content/uploads/2022/08/PanPinllo_3.jpg" alt="" class="wp-image-518" srcset="/wp-content/uploads/2022/08/PanPinllo_3.jpg 613w, /wp-content/uploads/2022/08/PanPinllo_3-480x402.jpg 480w" sizes="(min-width: 0px) and (max-width: 480px) 480px, (min-width: 481px) 613px, 100vw" /></figure>
</figure>



<h2 class="wp-block-heading">¿Dónde conprarlo?</h2>



<p>En el centro de la parroquia de Pinllo, se encuentra la panadería   Boni-lla, que tiene 120 años de experiencia en la elaboración del tradicional pan de Pinllo. La Panadería en sus inicios estuvo a cargo de José́ María Bonilla Urbina; posteriormente pasó a manos de su actual dueño, Gabriel Bonilla, quien desde los 16 años empezó́ a elaborar el pan. Lleva 50 años en el negocio familiar. Desde las 03h30 empieza la labor. Los fines de semana se preparan 5.000 panes entre empanadas, mestizos, paspa y pan de dulce, elaborados con harina integral blanca y harina negra de trigo traída desde la ciudad de Guaranda.</p>



<p><strong>Dirección:</strong></p>



<p>Pinllo, Av. Periódico El Ecuatoriano y Via Ambato &#8211; Quisapincha</p>



<p><strong>Contacto:</strong></p>



<p>(+593) 09 9419 4862</p>



<figure class="wp-block-image size-large"><img decoding="async" width="1024" height="554" src="/wp-content/uploads/2022/08/Screenshot-2022-08-25-120946-1024x554.png" alt="" class="wp-image-519" srcset="/wp-content/uploads/2022/08/Screenshot-2022-08-25-120946-1024x554.png 1024w, /wp-content/uploads/2022/08/Screenshot-2022-08-25-120946-980x530.png 980w, /wp-content/uploads/2022/08/Screenshot-2022-08-25-120946-480x260.png 480w" sizes="(min-width: 0px) and (max-width: 480px) 480px, (min-width: 481px) and (max-width: 980px) 980px, (min-width: 981px) 1024px, 100vw" /></figure>
]]></content:encoded>
					
					<wfw:commentRss>/2022/08/25/pan-de-pinllo/feed/</wfw:commentRss>
			<slash:comments>0</slash:comments>
		
		
			</item>
		<item>
		<title>Cuy Asado</title>
		<link>/2022/08/17/cuy-asado/</link>
					<comments>/2022/08/17/cuy-asado/#respond</comments>
		
		<dc:creator><![CDATA[Edu]]></dc:creator>
		<pubDate>Wed, 17 Aug 2022 03:32:34 +0000</pubDate>
				<category><![CDATA[Comida]]></category>
		<guid isPermaLink="false">/?p=62</guid>

					<description><![CDATA[El cuy asado con papas es una de las comidas típicas del Ecuador muy popular en la Sierra y Amazonía de dicha localidad; aunque también lo es en las regiones peruanas. Existen muchas maneras de cómo preparar el cuy, en esta ocasión haremos un cuy asado con papas. El cuy, un mamífero roedor que habita [&#8230;]]]></description>
										<content:encoded><![CDATA[
<p>El cuy asado con papas es una de las comidas típicas del Ecuador muy popular en la Sierra y Amazonía de dicha localidad; aunque también lo es en las regiones peruanas. Existen muchas maneras de cómo preparar el cuy, en esta ocasión haremos un cuy asado con papas.</p>


<div class="wp-block-image">
<figure class="aligncenter size-full"><img decoding="async" width="550" height="366" src="/wp-content/uploads/2022/08/achiote-ecuador-cuisine.jpg" alt="" class="wp-image-63" srcset="/wp-content/uploads/2022/08/achiote-ecuador-cuisine.jpg 550w, /wp-content/uploads/2022/08/achiote-ecuador-cuisine-480x319.jpg 480w" sizes="(min-width: 0px) and (max-width: 480px) 480px, (min-width: 481px) 550px, 100vw" /></figure></div>


<p>El cuy, un mamífero roedor que habita en las regiones andinas de Ecuador, Perú, Bolivia y Colombia, y también se conoce con el nombre de cobayo o conejillo de indias. Su carne es muy apetecida por su sabor y por sus valores nutricionales (bajo en grasa y con muchas proteínas).</p>



<p>Existe una gran variedad de recetas que se pueden preparar con este animal, cuy frito, cuy chatado, cuy al horno, cuy guisado, pero el más popular en el Ecuador es el cuy asado con papas.</p>



<p><strong>Dirección:</strong></p>



<p>Ambato, Av. los Guaytambos y av. Las Aceitunas</p>



<p><strong>Contacto:</strong></p>



<p>(03) 2826093</p>
]]></content:encoded>
					
					<wfw:commentRss>/2022/08/17/cuy-asado/feed/</wfw:commentRss>
			<slash:comments>0</slash:comments>
		
		
			</item>
		<item>
		<title>Caldo Ville</title>
		<link>/2022/08/17/caldo-ville/</link>
					<comments>/2022/08/17/caldo-ville/#respond</comments>
		
		<dc:creator><![CDATA[Edu]]></dc:creator>
		<pubDate>Wed, 17 Aug 2022 03:31:35 +0000</pubDate>
				<category><![CDATA[Comida]]></category>
		<guid isPermaLink="false">/?p=58</guid>

					<description><![CDATA[El ville viene de una tradición colonial y nace de la misma manera que nacen las papas con cuero o el caldo de vísceras, por ejemplo. Una importante y numerosa parte de la población no podían acceder a la carne y se las ingeniaban con aquello que quedaba para descarte como comúnmente eran las vísceras. [&#8230;]]]></description>
										<content:encoded><![CDATA[
<p>El ville viene de una tradición colonial y nace de la misma manera que nacen las papas con cuero o el caldo de vísceras, por ejemplo. Una importante y numerosa parte de la población no podían acceder a la carne y se las ingeniaban con aquello que quedaba para descarte como comúnmente eran las vísceras.</p>



<p>El ville se prepara hasta hoy con el feto de vaca y es muy apreciado por su alto valor nutricional y medicinal; se lo recomiendan por ejemplo a mujeres con embarazos de riesgo por su alto valor proteico y a los adultos mayores por su alto nivel de colágeno. Doña Carlinita prepara ville desde las 3 de la mañana y lo acompaña con mote, con papa o simplemente en caldo. Siempre lo sirve con ají de maní y todo esto ocurre únicamente en horario de la mañana. Carlina atiende de 6am a 12 pm en su puesto, pero la preparación, el adobo y la horneada le toma toda la tarde y la noche del día anterior. Esta receta la aprendió de su hermana mayor que la había heredado de su suegra, quien a su vez la heredó de su abuela.</p>



<figure class="wp-block-image size-large"><img decoding="async" width="1024" height="576" src="/wp-content/uploads/2022/08/Screenshot-2022-08-15-163428-1024x576.png" alt="" class="wp-image-59" srcset="/wp-content/uploads/2022/08/Screenshot-2022-08-15-163428-980x551.png 980w, /wp-content/uploads/2022/08/Screenshot-2022-08-15-163428-480x270.png 480w" sizes="(min-width: 0px) and (max-width: 480px) 480px, (min-width: 481px) and (max-width: 980px) 980px, (min-width: 981px) 1024px, 100vw" /></figure>



<p><strong>Dirección:</strong></p>



<p>Latacunga, Av Unidad Nacional 6455</p>



<p><strong>Contacto:</strong></p>



<p>(+593) 09 7949 9779</p>
]]></content:encoded>
					
					<wfw:commentRss>/2022/08/17/caldo-ville/feed/</wfw:commentRss>
			<slash:comments>0</slash:comments>
		
		
			</item>
		<item>
		<title>Tilapia de Yahuarcocha</title>
		<link>/2022/08/17/tilapia-de-yahuarcocha/</link>
					<comments>/2022/08/17/tilapia-de-yahuarcocha/#respond</comments>
		
		<dc:creator><![CDATA[Edu]]></dc:creator>
		<pubDate>Wed, 17 Aug 2022 03:30:01 +0000</pubDate>
				<category><![CDATA[Comida]]></category>
		<guid isPermaLink="false">/?p=54</guid>

					<description><![CDATA[Uno de los atractivos que convoca a gran cantidad de visitantes a la laguna de Yahuarcocha, por cerca de 30 años, es el expendio de pescado. En un principio las preñadillas, especie propia de la laguna, abrió el camino de este negocio, pero la pesca intensiva hizo que esta especie se extinga. Para que la [&#8230;]]]></description>
										<content:encoded><![CDATA[<div class="wp-block-image">
<figure class="alignleft size-large is-resized"><img decoding="async" src="/wp-content/uploads/2022/08/2021-07-01-1024x576.jpg" alt="" class="wp-image-55" width="463" height="259"/></figure></div>


<p>Uno de los atractivos que convoca a gran cantidad de visitantes a la laguna de Yahuarcocha, por cerca de 30 años, es el expendio de pescado. En un principio las preñadillas, especie propia de la laguna, abrió el camino de este negocio, pero la pesca intensiva hizo que esta especie se extinga. Para que la tradición no se pierda, como alternativa, fue sustituida por la tilapia, que se convirtió en uno de los platos gastronómicos más apetecidos por los visitantes. Tanto éxito tiene el negocio que más de ciento cincuenta familias dependen de él. Alrededor de 400 quintales de pescado se consumen semanalmente.&nbsp;</p>



<p>Las dos especies de tilapia, roja y negra, preparadas al horno o fritas, acompañados de papas cocinadas, encurtido y limón, son las de mayor consumo, se pueden encontrar platos de tilapia desde $ 2,50 a $3,50, dependiendo el tamaño del pescado.</p>



<p>Además, el caldo de gallina, los chochos con tostado, las empanadas rellenas de queso y plátano, son otras alternativas que los visitantes tienen para escoger.</p>
]]></content:encoded>
					
					<wfw:commentRss>/2022/08/17/tilapia-de-yahuarcocha/feed/</wfw:commentRss>
			<slash:comments>0</slash:comments>
		
		
			</item>
		<item>
		<title>Ruta gastronómica de Patate</title>
		<link>/2022/08/17/ruta-gastronomica-de-patate/</link>
					<comments>/2022/08/17/ruta-gastronomica-de-patate/#respond</comments>
		
		<dc:creator><![CDATA[Edu]]></dc:creator>
		<pubDate>Wed, 17 Aug 2022 03:28:34 +0000</pubDate>
				<category><![CDATA[Comida]]></category>
		<guid isPermaLink="false">/?p=50</guid>

					<description><![CDATA[Fueron los Panzaleos quienes estuvieron estrechamente ligados a los territorios de la actual provincia. En los libros que se refieren a temas aborígenes, se dice que los Panzaleos se desarrollaron desde los 500 A C hasta los 1500 D.C. Todavía en la época de la colonia, en Ambato se hablaba en el siglo XVII la [&#8230;]]]></description>
										<content:encoded><![CDATA[<div class="wp-block-image">
<figure class="alignleft size-full is-resized"><img decoding="async" src="/wp-content/uploads/2022/08/Llapingacho_1.jpg" alt="" class="wp-image-52" width="455" height="322"/></figure></div>


<p>Fueron los Panzaleos quienes estuvieron estrechamente ligados a los territorios de la actual provincia. En los libros que se refieren a temas aborígenes, se dice que los Panzaleos se desarrollaron desde los 500 A C hasta los 1500 D.C. Todavía en la época de la colonia, en Ambato se hablaba en el siglo XVII la lengua de los Panzaleos, que era diferente al kichwa que trajeron los Incas.</p>



<p>De acuerdo con el libro &#8220;El sabor de la Memoria&#8221; del historiador bando, Julio Pazos, asegura que: &#8220;La cocina de los habitantes andinos del siglo XVI se mantuvo inalterada en gran medida a que a ella se incorporaron los alimentos introducidos por los españoles, tanto vegetales como cárnicos. Estos últimos fueron de cerdos, ovejas, conejos y gallinas&#8221;.</p>



<p>Muchos aborígenes murieron de hambre. Los pueblos se mantuvieron con maíz, fréjol, frutas, tubérculos y raíces. El maíz tostado en tiesto, el choclo, el mote y las diversas chichas, figuraron en sus comidas. El sango dejó paso a las coladas de harina de haba, arveja y cebada. Papas con cáscara, mellocos, ocas, fréjoles cocidos y aliñados con sal, se ofrecían después de las mingas y de las obligaciones de las mitas. El caldo y el cuy asado, con su acompañamiento de papas cocidas figuran entre los platos para ocasiones especiales. El ají natural o molido con sal condimentó todos los alimentos. A esta cocina se incorporaron la cebolla, la col y la manteca de cerdo.</p>



<p>Los conquistadores españoles en general pertenecían al pueblo y su cocina admitió los cereales y las féculas andinas. Esta mixtura en la preparación de los alimentos que estuvo a cargo de las mujeres indígenas, dio lugar, a lo que hoy llamamos comida criolla.</p>
]]></content:encoded>
					
					<wfw:commentRss>/2022/08/17/ruta-gastronomica-de-patate/feed/</wfw:commentRss>
			<slash:comments>0</slash:comments>
		
		
			</item>
	</channel>
</rss>
