<?xml version="1.0" encoding="UTF-8"?><rss version="2.0"
	xmlns:content="http://purl.org/rss/1.0/modules/content/"
	xmlns:dc="http://purl.org/dc/elements/1.1/"
	xmlns:atom="http://www.w3.org/2005/Atom"
	xmlns:sy="http://purl.org/rss/1.0/modules/syndication/"
	
	>
<channel>
	<title>
	Comentarios en: Ruta gastronómica de Patate	</title>
	<atom:link href="/2022/08/17/ruta-gastronomica-de-patate/feed/" rel="self" type="application/rss+xml" />
	<link>/2022/08/17/ruta-gastronomica-de-patate/</link>
	<description>Explora nuestras tradiciones</description>
	<lastBuildDate>Wed, 31 Aug 2022 19:57:22 +0000</lastBuildDate>
	<sy:updatePeriod>
	hourly	</sy:updatePeriod>
	<sy:updateFrequency>
	1	</sy:updateFrequency>
	<generator>https://wordpress.org/?v=6.2</generator>
</channel>
</rss>
