<?xml version="1.0" encoding="UTF-8"?><rss version="2.0"
	xmlns:content="http://purl.org/rss/1.0/modules/content/"
	xmlns:wfw="http://wellformedweb.org/CommentAPI/"
	xmlns:dc="http://purl.org/dc/elements/1.1/"
	xmlns:atom="http://www.w3.org/2005/Atom"
	xmlns:sy="http://purl.org/rss/1.0/modules/syndication/"
	xmlns:slash="http://purl.org/rss/1.0/modules/slash/"
	>

<channel>
	<title>Lugares | Mikuy Search</title>
	<atom:link href="/category/lugares/feed/" rel="self" type="application/rss+xml" />
	<link>/</link>
	<description>Explora nuestras tradiciones</description>
	<lastBuildDate>Fri, 12 May 2023 15:35:38 +0000</lastBuildDate>
	<language>es</language>
	<sy:updatePeriod>
	hourly	</sy:updatePeriod>
	<sy:updateFrequency>
	1	</sy:updateFrequency>
	<generator>https://wordpress.org/?v=6.2</generator>

<image>
	<url>/wp-content/uploads/2022/08/cropped-Sin-titulo-11-32x32.png</url>
	<title>Lugares | Mikuy Search</title>
	<link>/</link>
	<width>32</width>
	<height>32</height>
</image> 
	<item>
		<title>Pailon del diablo</title>
		<link>/2022/08/25/pailon-del-diablo/</link>
					<comments>/2022/08/25/pailon-del-diablo/#respond</comments>
		
		<dc:creator><![CDATA[Edu]]></dc:creator>
		<pubDate>Thu, 25 Aug 2022 21:33:21 +0000</pubDate>
				<category><![CDATA[Lugares]]></category>
		<guid isPermaLink="false">/?p=572</guid>

					<description><![CDATA[Su nombre, el pailón del diablo nace por la forma que tiene las rocas que se encuentran bajo la cascada y si observas con detenimiento podrás ver la forma del rostro del diablo que se encuentra formado en las rocas, de ahí su nombre. El nombre por el cual se la conoce es Pailón del [&#8230;]]]></description>
										<content:encoded><![CDATA[<p></p><p>Su nombre, el pailón del diablo nace por la forma que tiene las rocas que se encuentran bajo la cascada y si observas con detenimiento podrás ver la forma del rostro del diablo que se encuentra formado en las rocas, de ahí su nombre. El nombre por el cual se la conoce es Pailón del Diablo Cascada, este viene siendo su nombre común, pero en realidad su nombre es Cascada de río Verde.</p><p></p><p></p><p>Hoy en día en reconocido como un ícono del turismo en Baños de Agua Santa, por su incomparable belleza.</p><p></p><p></p><p>Los turistas que conocen esta cascada se refieren a ella con gusto y recalcan el quedarse encantados con sus paisajes.</p><p></p><p></p><p>El Pailón del  Diablo se localiza en la provincia de Tungurahua específicamente en la hermosa Ciudad de Baños en la Parroquia Río Verde de ahí su nombre original de Cascada Río Verde. Tiene una distancia de 17 Km desde la vía Baños Puyo. En el lugar la temperatura oscila entre los 10 y 28 ºC. El agua cristalina de esta encantadora cascada es de 23 ºC.</p><p></p><p></p><p>Este atractivo lugar es rico en vegetación como helechos y musgos, esto se debe a la humedad que lo rodea. Es por ello por lo que la vista de este se caracteriza por estar cubierta de un verde color propio de la gran cantidad de árboles, orquídeas, y más.</p><p></p><p></p><p>Al igual que su vegetación exuberante el lugar también es poseedor una fauna destacable entre ellos: mono machín, oso de anteojos, tapir, puma, puerco espín, jaguar, guanta, oso hormiguero, etc.</p><p></p><p></p><figure class="wp-block-gallery has-nested-images columns-default is-cropped wp-block-gallery-1 is-layout-flex"><figure class="wp-block-image size-large"><img decoding="async" width="1024" height="768" data-id="573"  class="wp-image-573" src="/wp-content/uploads/2022/08/el-pailon-del-diablo.jpg" alt="" srcset="/wp-content/uploads/2022/08/el-pailon-del-diablo.jpg 1024w, /wp-content/uploads/2022/08/el-pailon-del-diablo-980x735.jpg 980w, /wp-content/uploads/2022/08/el-pailon-del-diablo-480x360.jpg 480w" sizes="(min-width: 0px) and (max-width: 480px) 480px, (min-width: 481px) and (max-width: 980px) 980px, (min-width: 981px) 1024px, 100vw" /></figure><p></p><p></p><figure class="wp-block-image size-large"><img decoding="async" width="675" height="450" data-id="575"  class="wp-image-575" src="/wp-content/uploads/2022/08/7540afa9f4b4022eb8d9ff2c653840f4_xl.jpg" alt="" srcset="/wp-content/uploads/2022/08/7540afa9f4b4022eb8d9ff2c653840f4_xl.jpg 675w, /wp-content/uploads/2022/08/7540afa9f4b4022eb8d9ff2c653840f4_xl-480x320.jpg 480w" sizes="(min-width: 0px) and (max-width: 480px) 480px, (min-width: 481px) 675px, 100vw" /></figure><p></p></figure><p></p>]]></content:encoded>
					
					<wfw:commentRss>/2022/08/25/pailon-del-diablo/feed/</wfw:commentRss>
			<slash:comments>0</slash:comments>
		
		
			</item>
		<item>
		<title>Cascada Mundug</title>
		<link>/2022/08/25/cascada-mundug/</link>
					<comments>/2022/08/25/cascada-mundug/#respond</comments>
		
		<dc:creator><![CDATA[Edu]]></dc:creator>
		<pubDate>Thu, 25 Aug 2022 16:36:29 +0000</pubDate>
				<category><![CDATA[Lugares]]></category>
		<guid isPermaLink="false">/?p=503</guid>

					<description><![CDATA[Área ecoturística con un sistema biodiverso. La cascada de Mundug es un atractivo natural rodeado de montañas y zonas agrícolas. Ubicado en Patate en la provincia de Tungurahua &#8211; Ecuador. Posee dos saltos de agua que en conjunto miden más&#160; 50 metros aproximadamente. Se ubica a 2710 medros de altura, esta rodeada por bosque húmedo [&#8230;]]]></description>
										<content:encoded><![CDATA[
<p>Área ecoturística con un sistema biodiverso. La cascada de Mundug es un atractivo natural rodeado de montañas y zonas agrícolas. Ubicado en Patate en la provincia de Tungurahua &#8211; Ecuador.</p>



<p>Posee dos saltos de agua que en conjunto miden más&nbsp; 50 metros aproximadamente. Se ubica a 2710 medros de altura, esta rodeada por bosque húmedo montano alto, esta vegetación es típica de esta zona debido a la cercanía con&nbsp; la cordillera oriental, caracterizada por su humedad debido a su cercanía a la Amazonia. La Cascada de Mundug se encuentra dentro de la zona de amortización del mítico Parque Nacional Llanganates.</p>



<p>Esta cascada es muy importante para Patate ya que el agua que que circula por la mayoría de acequias de regadío de la parte occidental de Patate provienen de la Cascada de Mundug, y es gracias ello que se han desarrollado muchos huerto frutales.</p>



<figure class="wp-block-gallery has-nested-images columns-default is-cropped wp-block-gallery-3 is-layout-flex">
<figure class="wp-block-image size-large"><img decoding="async" width="675" height="450" data-id="510"  src="/wp-content/uploads/2022/08/Mundug_1.jpg" alt="" class="wp-image-510" srcset="/wp-content/uploads/2022/08/Mundug_1.jpg 675w, /wp-content/uploads/2022/08/Mundug_1-480x320.jpg 480w" sizes="(min-width: 0px) and (max-width: 480px) 480px, (min-width: 481px) 675px, 100vw" /></figure>



<figure class="wp-block-image size-large"><img decoding="async" width="576" height="600" data-id="511"  src="/wp-content/uploads/2022/08/Mundug_2.jpg" alt="" class="wp-image-511" srcset="/wp-content/uploads/2022/08/Mundug_2.jpg 576w, /wp-content/uploads/2022/08/Mundug_2-480x500.jpg 480w" sizes="(min-width: 0px) and (max-width: 480px) 480px, (min-width: 481px) 576px, 100vw" /></figure>



<figure class="wp-block-image size-large"><img decoding="async" width="918" height="918" data-id="512"  src="/wp-content/uploads/2022/08/Mundug_3.jpg" alt="" class="wp-image-512" srcset="/wp-content/uploads/2022/08/Mundug_3.jpg 918w, /wp-content/uploads/2022/08/Mundug_3-480x480.jpg 480w" sizes="(min-width: 0px) and (max-width: 480px) 480px, (min-width: 481px) 918px, 100vw" /></figure>
</figure>



<p>En este lugar es posible realizar varias actividades recreativas, tales como:</p>



<ul><li>Caminatas ecológicas</li><li>Fotografía</li><li>Observación de flora y fauna</li><li>Pesca deportiva</li><li>Camping</li></ul>
]]></content:encoded>
					
					<wfw:commentRss>/2022/08/25/cascada-mundug/feed/</wfw:commentRss>
			<slash:comments>0</slash:comments>
		
		
			</item>
		<item>
		<title>Quinta Atocha de Juan León Mera</title>
		<link>/2022/08/24/quinta-atocha-de-juan-leon-mera/</link>
					<comments>/2022/08/24/quinta-atocha-de-juan-leon-mera/#respond</comments>
		
		<dc:creator><![CDATA[Edu]]></dc:creator>
		<pubDate>Thu, 25 Aug 2022 01:08:46 +0000</pubDate>
				<category><![CDATA[Lugares]]></category>
		<guid isPermaLink="false">/?p=498</guid>

					<description><![CDATA[La Quinta de Mera es un patrimonio cultural de Ambato, fue el lugar donde Juan León Mera, uno de los Tres Juanes de Ambato, junto a los hermanos Martínez, personajes ilustres de Tungurahua, vivieron para aportar gloría a la historia del Ecuador. Entre las paredes de adobe de la Quinta se conservan recuerdos, manuscritos, pinturas [&#8230;]]]></description>
										<content:encoded><![CDATA[
<p>La Quinta de Mera es un patrimonio cultural de Ambato, fue el lugar donde Juan León Mera, uno de los Tres Juanes de Ambato, junto a los hermanos Martínez, personajes ilustres de Tungurahua, vivieron para aportar gloría a la historia del Ecuador.</p>



<figure class="wp-block-gallery has-nested-images columns-default is-cropped wp-block-gallery-5 is-layout-flex">
<figure class="wp-block-image size-large"><img decoding="async" width="1920" height="1080" data-id="500"  src="/wp-content/uploads/2022/08/feat-3juanes-01.jpg" alt="" class="wp-image-500" srcset="/wp-content/uploads/2022/08/feat-3juanes-01.jpg 1920w, /wp-content/uploads/2022/08/feat-3juanes-01-1280x720.jpg 1280w, /wp-content/uploads/2022/08/feat-3juanes-01-980x551.jpg 980w, /wp-content/uploads/2022/08/feat-3juanes-01-480x270.jpg 480w" sizes="(min-width: 0px) and (max-width: 480px) 480px, (min-width: 481px) and (max-width: 980px) 980px, (min-width: 981px) and (max-width: 1280px) 1280px, (min-width: 1281px) 1920px, 100vw" /></figure>



<figure class="wp-block-image size-large"><img decoding="async" width="1000" height="750" data-id="501"  src="/wp-content/uploads/2022/08/pocketbloggers-magazine_ambato-quinta-mera-001.jpg" alt="" class="wp-image-501" srcset="/wp-content/uploads/2022/08/pocketbloggers-magazine_ambato-quinta-mera-001.jpg 1000w, /wp-content/uploads/2022/08/pocketbloggers-magazine_ambato-quinta-mera-001-980x735.jpg 980w, /wp-content/uploads/2022/08/pocketbloggers-magazine_ambato-quinta-mera-001-480x360.jpg 480w" sizes="(min-width: 0px) and (max-width: 480px) 480px, (min-width: 481px) and (max-width: 980px) 980px, (min-width: 981px) 1000px, 100vw" /></figure>
</figure>



<p>Entre las paredes de adobe de la Quinta se conservan recuerdos, manuscritos, pinturas y fotografías de quien fue uno de los hombres más importantes de la literatura ecuatoriana, que hablan de su gran amor por el arte.</p>



<p>Juan León Mera nació 28 de junio de 1832 en la ciudad de Ambato, fue un autodidacta por que nunca ingreso a la escuela y sin embargo era un poliglota por que hablaba 5 idiomas entre ellos el quichua. Además fue uno escritores más importantes de la Latinoamérica en el siglo XIX.</p>



<p>Mera luchó desde el Congreso cuando fue presidente y secretario del Senado, impuso muchas leyes importantísimas para el desarrollo del país, en defensa profunda al pueblo indígena.</p>



<p>El autor del Himno Nacional del Ecuador fue Juan León Mera, su letra es un verdadero canto de libertad y justicia por lo que fue perseguido y criticado. Es el legado más importante aparte de sus obras clásicas de la literatura ecuatoriana.</p>



<p>Mera fue escritor, pintor, periodista, político y agricultor por que varias de las especies más antiguas de la casa fueron plantadas con su propia mano. Cuenta con una extensión de 5 hectáreas y es considerada como un centro de estudio por que forma parte del jardín botánico de Ambato. La vegetación que existe en la parte baja de la casa cerca del río cuenta con especies nativas del Oriente.</p>



<p>La Quinta es de una estructura arquitectónica típica de la época republicana, los jardines son de estilo francés debido a los espejos de agua y un estilo oriental por las palmeras.</p>



<p>En la actualidad es un museo natural, donde se puede observar las pertenencias que rodearon al ilustre escritor ambateño durante su existencia.</p>
]]></content:encoded>
					
					<wfw:commentRss>/2022/08/24/quinta-atocha-de-juan-leon-mera/feed/</wfw:commentRss>
			<slash:comments>0</slash:comments>
		
		
			</item>
		<item>
		<title>Tren Crucero, Ecuador</title>
		<link>/2022/08/17/tren-crucero-ecuador/</link>
					<comments>/2022/08/17/tren-crucero-ecuador/#respond</comments>
		
		<dc:creator><![CDATA[Edu]]></dc:creator>
		<pubDate>Wed, 17 Aug 2022 03:13:37 +0000</pubDate>
				<category><![CDATA[Lugares]]></category>
		<guid isPermaLink="false">/?p=26</guid>

					<description><![CDATA[Atraviesa los Andes de Ecuador viendo la transición de las tierras altas al bosque nuboso, a los paisajes costeros mientras cruza terrenos espectaculares y recorre montañas. Viaja a la Avenida de los Volcanes – mas de 10 volcanes con mas de 3.600 metros / 12.000 pies; el volcán Tungurahua, con 5.023 metros / 16.480 pies, [&#8230;]]]></description>
										<content:encoded><![CDATA[
<p>Atraviesa los Andes de Ecuador viendo la transición de las tierras altas al bosque nuboso, a los paisajes costeros mientras cruza terrenos espectaculares y recorre montañas.</p>


<div class="wp-block-image">
<figure class="alignleft size-full is-resized"><img decoding="async" src="/wp-content/uploads/2022/08/IMG_20220306_112257.jpg" alt="" class="wp-image-29" width="419" height="558"/></figure></div>


<p>Viaja a la Avenida de los Volcanes – mas de 10 volcanes con mas de 3.600 metros / 12.000 pies; el volcán Tungurahua, con 5.023 metros / 16.480 pies, sigue activo. Hay 450 kilómetros / 280 millas de viaje escénico que asciende a los 3.600 metros / 12.000 pies y desciende al nivel del mar durante la travesía.</p>



<p>A lo largo de la ruta hay varias oportunidades para conocer las comunidades indígenas de la costa y de los Andes y ser testigo de su forma de vida.</p>



<p>Desde el principio del siglo XX, las locomotoras a vapor operan en dos recorridos diferentes.</p>



<p>Los vagones son de primera clase, decorados en estilo ecuatoriano con referencias históricas. La tripulación del tren asegura un servicio excepcional a bordo.</p>



<p>Los itinerarios varían de una a tres noches, las noches se pasan en hoteles selectos mientras el viaje se realiza en tren.</p>



<p>Aquí tiene un folleto ilustrado de 8 páginas con detalles de los restaurantes, los hoteles, las atracciones y los sitios declarados patrimonio cultural visitados en la ruta de Guayaquil a Quito. El autor cogió el vuelo diario de Nueva York JFK a Durán.</p>
]]></content:encoded>
					
					<wfw:commentRss>/2022/08/17/tren-crucero-ecuador/feed/</wfw:commentRss>
			<slash:comments>0</slash:comments>
		
		
			</item>
	</channel>
</rss>
