<?xml version="1.0" encoding="UTF-8"?><rss version="2.0"
	xmlns:content="http://purl.org/rss/1.0/modules/content/"
	xmlns:dc="http://purl.org/dc/elements/1.1/"
	xmlns:atom="http://www.w3.org/2005/Atom"
	xmlns:sy="http://purl.org/rss/1.0/modules/syndication/"
	
	>
<channel>
	<title>
	Comentarios en Mikuy Search	</title>
	<atom:link href="/comments/feed/" rel="self" type="application/rss+xml" />
	<link>/</link>
	<description>Explora nuestras tradiciones</description>
	<lastBuildDate>Sat, 03 Jun 2023 14:41:02 +0000</lastBuildDate>
	<sy:updatePeriod>
	hourly	</sy:updatePeriod>
	<sy:updateFrequency>
	1	</sy:updateFrequency>
	<generator>https://wordpress.org/?v=6.2</generator>
	<item>
		<title>
		Comentario en Parque Provincial de la Familia en Ambato por Edu		</title>
		<link>/2022/08/17/parque-provincial-de-la-familia-en-ambato/#comment-9</link>

		<dc:creator><![CDATA[Edu]]></dc:creator>
		<pubDate>Sat, 03 Jun 2023 14:41:02 +0000</pubDate>
		<guid isPermaLink="false">/?p=46#comment-9</guid>

					<description><![CDATA[En respuesta a &lt;a href=&quot;/2022/08/17/parque-provincial-de-la-familia-en-ambato/#comment-3&quot;&gt;Melany&lt;/a&gt;.

🤩]]></description>
			<content:encoded><![CDATA[<p>En respuesta a <a href="/2022/08/17/parque-provincial-de-la-familia-en-ambato/#comment-3">Melany</a>.</p>
<p>🤩</p>
]]></content:encoded>
		
			</item>
		<item>
		<title>
		Comentario en Gallinas de Pinllo por Edu		</title>
		<link>/2022/08/25/gallinas-de-pinllo/#comment-8</link>

		<dc:creator><![CDATA[Edu]]></dc:creator>
		<pubDate>Sat, 13 May 2023 19:33:27 +0000</pubDate>
		<guid isPermaLink="false">/?p=527#comment-8</guid>

					<description><![CDATA[Existen mas lugares que visitar?]]></description>
			<content:encoded><![CDATA[<p>Existen mas lugares que visitar?</p>
]]></content:encoded>
		
			</item>
		<item>
		<title>
		Comentario en Delicias cuencanas Ambato por Roberto Lopez		</title>
		<link>/2022/08/25/delicias-cuencanas-ambato/#comment-7</link>

		<dc:creator><![CDATA[Roberto Lopez]]></dc:creator>
		<pubDate>Fri, 12 May 2023 15:30:33 +0000</pubDate>
		<guid isPermaLink="false">/?p=553#comment-7</guid>

					<description><![CDATA[Me gustaria que decriba con mas informacion]]></description>
			<content:encoded><![CDATA[<p>Me gustaria que decriba con mas informacion</p>
]]></content:encoded>
		
			</item>
		<item>
		<title>
		Comentario en Playas de Ecuador por Edu		</title>
		<link>/2022/08/17/playas-de-ecuador/#comment-6</link>

		<dc:creator><![CDATA[Edu]]></dc:creator>
		<pubDate>Tue, 23 Aug 2022 21:34:39 +0000</pubDate>
		<guid isPermaLink="false">/?p=31#comment-6</guid>

					<description><![CDATA[En respuesta a &lt;a href=&quot;/2022/08/17/playas-de-ecuador/#comment-4&quot;&gt;Belen&lt;/a&gt;.

Concuerdo 👌]]></description>
			<content:encoded><![CDATA[<p>En respuesta a <a href="/2022/08/17/playas-de-ecuador/#comment-4">Belen</a>.</p>
<p>Concuerdo 👌</p>
]]></content:encoded>
		
			</item>
		<item>
		<title>
		Comentario en Playas de Ecuador por Belen		</title>
		<link>/2022/08/17/playas-de-ecuador/#comment-4</link>

		<dc:creator><![CDATA[Belen]]></dc:creator>
		<pubDate>Tue, 23 Aug 2022 02:00:55 +0000</pubDate>
		<guid isPermaLink="false">/?p=31#comment-4</guid>

					<description><![CDATA[Buena info :)]]></description>
			<content:encoded><![CDATA[<p>Buena info 🙂</p>
]]></content:encoded>
		
			</item>
		<item>
		<title>
		Comentario en Parque Provincial de la Familia en Ambato por Melany		</title>
		<link>/2022/08/17/parque-provincial-de-la-familia-en-ambato/#comment-3</link>

		<dc:creator><![CDATA[Melany]]></dc:creator>
		<pubDate>Tue, 23 Aug 2022 01:59:36 +0000</pubDate>
		<guid isPermaLink="false">/?p=46#comment-3</guid>

					<description><![CDATA[#]]></description>
			<content:encoded><![CDATA[<p>#</p>
]]></content:encoded>
		
			</item>
	</channel>
</rss>
